,sentence,label,badspelling sentence,predict_region,predict_label,predict_country,predict_city,region,country,city,Aleppo,Algiers,Alexandria,Amman,Aswan,Baghdad,Basra,Beirut,Benghazi,Cairo,Damascus,Doha,Fes,Jeddha,Jerusalem,Khartoum,Mosul,Modern Standard Arabic,Muscat,Rabat,Riyadh,Salt,Sana'a,Sfax,Tripoli,Tunis
0,ياربي تسهل على كل شاب طموح مجتهد و تحققلوا كل ما يتمناه,RAB,ياربي تسهل علي كل شاب طموح مجتهد و تحققلوا كل ما يتمناه,Maghreb,TRI,Libya,Tripoli,Maghreb,Morocco,Rabat,0.0002042447399248923,6.056792555038867e-05,8.63544192876758e-07,0.00043046082040267263,5.712056252728864e-06,6.54925761274974e-05,0.00012115464712665898,4.520590863071595e-05,0.008324459221935619,3.3505874540146855e-05,0.0002506555084320461,0.001926972627096016,8.854927869077339e-07,0.0014085893270266402,0.002508105684480133,0.015135831275605839,0.00010292251137102017,7.809820333134426e-05,0.00794845832453129,1.0303598190190025e-06,0.3241973924936635,0.005011203065422695,0.0002556612166695049,0.0002496397901732144,0.6316098891681776,2.299763672897372e-05
1,الله يرحم ليكم الوالدين أنا ختكم أرملة بغيت شي مردي الولدين لي يعوني في سبيل الله بي حليب والكوش او شي حوايج واخة اكونو قدام,RAB,الله يرحم ليكم الوالدين انا ختكم ارمله بغيت شي مردي الولدين لي يعوني في سبيل الله بي حليب والكوش او شي حوايج واخه اكونو قدام,Gulf,DOH,Qatar,Doha,Maghreb,Morocco,Rabat,6.195199831483017e-07,6.312261470139006e-06,8.06640611276203e-09,7.196099583764529e-07,8.898200669759596e-07,1.028444867056495e-05,2.7137330060189227e-05,9.202602148089245e-07,3.0677434216207455e-05,1.1788171112916239e-06,2.6980091326087257e-06,0.9810684228425599,0.0014740263321722825,7.332573839989954e-05,8.346948287396502e-07,7.6085741999461515e-06,7.041062445911181e-06,1.5960799692878412e-08,1.8092662015659488e-05,0.0005668833330415627,5.985923701058521e-05,1.4629944314531965e-05,0.00011862173139874905,0.016385145319395004,0.00010733415314503538,1.6712836982234234e-05
2,أو مواد غذائية الله يتبت أجركم الله يرحمنا ويرحمكم دنية وآخرة أنا ساكنه في مراكش,RAB,او مواد غذائيه الله يتبت اجركم الله يرحمنا ويرحمكم دنيه واخره انا ساكنه في مراكش,Gulf,DOH,Qatar,Doha,Maghreb,Morocco,Rabat,2.0502619305008136e-06,2.594207308238727e-06,4.0871043466999316e-07,3.638292537304761e-05,6.162816596639491e-05,0.00024217136376499725,0.00039146626186620345,1.8547830386360346e-06,0.002337576021684003,9.995946786648085e-05,2.42185951305046e-05,0.8199716363229231,1.232678498294989e-06,0.007113634561294285,4.402000276635778e-05,0.00020498383670095984,5.740473265316206e-05,2.922953163103918e-07,0.037411794147383264,2.9586115820684806e-07,0.021291553209194628,0.0004187037041571288,0.008507759528317829,0.0008121712104395155,0.10096268605395396,1.5210908790459759e-06
3,سير الله يسهل عليك ما صعاب و يعطيك ما تمنيت فهاد الليلة,RAB,سير الله يسهل عليك ما صعاب و يعطيك ما تمنيت فهاد الليله,Maghreb,RAB,Morocco,Rabat,Maghreb,Morocco,Rabat,1.0642445893913415e-05,0.00025832512824619703,1.906877144768313e-07,3.6898165407733745e-05,3.845026993201128e-07,8.679456203601215e-06,1.1322206231665687e-05,1.384013030234168e-05,0.0002529817619735548,7.701742273878928e-06,3.667239028017502e-05,9.689525819243667e-05,0.0019753437036553927,7.514870695560936e-05,3.606180313157857e-05,5.910816292655359e-05,3.666020958559081e-06,2.54768948367632e-07,3.8642448913562275e-05,0.9096814765861831,0.00010509000061245869,0.00015412768196655275,2.853591184118227e-05,0.025609230132316304,0.005104290009154976,0.05639449018701644
4,بغيت غير شي واحد يكون فايق يسمع هاد الدعيوة,RAB,بغيت غير شي واحد يكون فايق يسمع هاد الدعيوه,Maghreb,RAB,Morocco,Rabat,Maghreb,Morocco,Rabat,1.5526312296802085e-08,2.777401898892429e-08,3.115789225517254e-11,3.3733030438272235e-09,3.979580357385009e-11,5.390658967821379e-10,5.198942319481798e-10,3.3046692860606896e-10,1.2322620156843859e-09,1.2616644958227172e-10,4.920440987099864e-09,5.332910780063474e-08,0.0020525540852925402,4.0529255233880344e-10,1.0417482529607339e-10,4.829457466451038e-10,1.368307460232487e-10,1.7710688464437263e-11,7.672286874742023e-10,0.9979473294071398,3.3509367126178946e-10,2.5948302232044985e-09,2.867974671408312e-10,1.4521410924399917e-10,2.968641577578212e-09,5.208151414414238e-10
5,مازالت العنصرية على أصحاب البشرة السوداء,RAB,مازالت العنصريه علي اصحاب البشره السوداء,Maghreb,TRI,Libya,Tripoli,Maghreb,Morocco,Rabat,1.7874312304379309e-06,7.052225049507627e-06,6.2990227181596e-08,6.7881843725622056e-06,4.078050987751557e-07,4.3675502579892885e-06,2.551381025405967e-06,3.816765100132556e-07,7.723166319177631e-05,1.7637434735624758e-06,4.629673592447763e-06,1.4543130485458133e-05,2.5788304802611934e-06,3.162471533719072e-05,2.5017957403469046e-05,1.198952749953883e-05,8.7357363008585e-07,6.219857977952904e-08,1.3013004585737322e-05,7.692666088367177e-07,2.4047580777237102e-05,2.6248860088602366e-05,8.519463230717808e-06,6.283307610519789e-06,0.9997262175621525,1.1866975003522518e-06
6,شحال من واحد دابا متكي على الوسادة ديالو مهموم كيخمم فالمستقبل,RAB,شحال من واحد دابا متكي علي الوساده ديالو مهموم كيخمم فالمستقبل,Maghreb,FES,Morocco,Fes,Maghreb,Morocco,Rabat,3.203611363422266e-10,0.0005051630009926269,9.329134711040999e-11,9.143343590921214e-10,3.994942825772169e-10,2.715480557760325e-10,2.5094093119554913e-10,5.659494848948036e-11,3.480408400423103e-09,1.0620176301045695e-09,5.640948330606352e-10,1.6013855272733672e-09,0.7491591611586702,4.737987373851943e-09,4.524473601268717e-10,6.048410659096021e-09,3.90480638027651e-11,1.119080761576569e-10,2.9037730035897504e-09,0.25033561878225735,4.793910112910949e-10,1.5139013981003437e-09,3.544778694628049e-10,1.4477202036671213e-09,2.9183086607897413e-08,7.714567179593901e-10
7,معالم بيه غير الله سير الله يسرلك طريقك و يسهل أمورك,RAB,معالم بيه غير الله سير الله يسرلك طريقك و يسهل امورك,Maghreb,TRI,Libya,Tripoli,Maghreb,Morocco,Rabat,1.3898403551354562e-06,3.6212012802655046e-05,3.4781395623568956e-07,3.248851015672681e-06,2.381962797577697e-06,3.91582802283652e-05,1.787804387285813e-05,7.855728052837087e-07,0.0031639428026538504,1.0316130491565696e-05,6.182609418093439e-06,0.00017090872999618584,8.927845906320655e-07,8.779906699636943e-05,6.497825233442252e-06,3.902626914439951e-05,1.614613870317888e-06,3.219948619322697e-08,2.626579429910934e-05,1.7598040231611164e-05,0.0007444987174257122,4.191624999198413e-05,8.063702915594642e-05,0.0006370669488207615,0.99485945635859,3.945451769943646e-06
8,لي باقي سهران يشرفنا بالحي ديالو ولي خارج الرباط يكتب المدينة ديالو مرحبا بكم فالصفحة,RAB,لي باقي سهران يشرفنا بالحي ديالو ولي خارج الرباط يكتب المدينه ديالو مرحبا بكم فالصفحه,Maghreb,RAB,Morocco,Rabat,Maghreb,Morocco,Rabat,2.643240918998542e-08,9.767450207848525e-05,4.664523539466419e-10,4.379912185448329e-08,2.461171969379591e-09,1.108764397581314e-08,1.818467055610942e-08,5.8882918600363105e-09,1.979436753636627e-07,9.664829791413982e-09,7.20812208331511e-08,4.6690960546534616e-06,0.015824101651978274,3.6619010415722604e-06,2.170046813693134e-08,1.5265267694624732e-07,1.0562334577391785e-08,1.412081056505037e-09,1.8354717458855612e-07,0.9840654363599824,6.855388199777355e-07,7.786289337103944e-08,2.8184163062998192e-06,1.9789393666862643e-08,8.594451317044372e-08,1.105271503120137e-08
9,الي هبطتي مع هاد الشارع للي فصورة حتى الاخير خاص واحد القنطرة تما باش تخفف على شارع الجيش الملكي,RAB,الي هبطتي مع هاد الشارع للي فصوره حتي الاخير خاص واحد القنطره تما باش تخفف علي شارع الجيش الملكي,Maghreb,FES,Morocco,Fes,Maghreb,Morocco,Rabat,8.350778527388057e-07,7.686164312167881e-06,3.1509178016413143e-09,2.823002346077268e-06,4.69553542847241e-08,4.525458583063261e-07,2.47511862212292e-07,2.585363045982021e-08,1.2924569374990674e-05,1.1727027681048289e-07,9.996425177258845e-07,1.3409445371400891e-06,0.9483734128254812,1.5921303742597177e-06,4.407158488111891e-07,7.558149588184315e-07,1.6789053276086932e-07,3.6001254978480556e-09,1.4188977616116219e-06,0.03970641668213618,2.636848070633954e-07,2.8584740860643635e-05,1.957363220587881e-06,1.2597783098044465e-05,0.011843315437801996,1.5697441518634734e-06
10,فالوقت لي الرسول صلى الله عليه وسلم أوصى بالرفق بالحيوان .. ناض هدا لي فالصورة قام بتعذيب قط هزو وبقا كيدورو بيدو وسيبو فالسماء معرفتش أصلا أش عملو ؟ واش حنا مراض لهاد الدراجة ؟ مابغيتش نبوسطيه باش مانمرطكومشي,RAB,فالوقت لي الرسول صلي الله عليه وسلم اوصي بالرفق بالحيوان  ناض هدا لي فالصوره قام بتعذيب قط هزو وبقا كيدورو بيدو وسيبو فالسماء معرفتش اصلا اش عملو  واش حنا مراض لهاد الدراجه  مابغيتش نبوسطيه باش مانمرطكومشي,Maghreb,RAB,Morocco,Rabat,Maghreb,Morocco,Rabat,4.456815664097482e-09,0.00022400660364517932,1.2480025800049006e-10,2.7335334533118194e-09,1.2658697920747915e-09,4.7077473428794154e-09,1.722908697946491e-09,7.28704040114722e-10,3.7511047350694784e-08,1.7412454957790778e-09,2.974989968373228e-09,8.588798839507042e-08,0.007209236768756295,3.006418429395325e-08,3.6048367732816534e-09,1.1113068878552226e-08,4.071254010388614e-09,1.4335187723709314e-10,1.0019916873458611e-08,0.9925517527349399,1.2634865838179149e-08,8.267330959453615e-09,3.362467447106508e-08,1.2266126877022382e-07,1.4607473455604333e-05,1.6358799898518144e-08
11,نعم شفتو هدو اصلان معندهمش تربيا مقدا معرفنش اش خصهم يدرو وشنو لمخصهمش يدرو تيضحكو معرستهم بحلي شيء عدي ولكن غيجبها غ فرسو يمهل ولا يهمل,RAB,نعم شفتو هدو اصلان معندهمش تربيا مقدا معرفنش اش خصهم يدرو وشنو لمخصهمش يدرو تيضحكو معرستهم بحلي شيء عدي ولكن غيجبها غ فرسو يمهل ولا يهمل,Maghreb,FES,Morocco,Fes,Maghreb,Morocco,Rabat,0.00023600745451311526,3.9509560299660154e-05,7.079291574220066e-07,8.698252532241599e-06,1.999577386238728e-06,6.977293919216469e-06,9.165119918291156e-06,1.159696481142559e-06,7.408018196987439e-05,1.4497322942380893e-05,1.1490355463347616e-05,1.5269734563549177e-05,0.9968587250130412,0.0008216632948591558,1.7398459420565113e-05,2.1016805243770277e-05,3.744293033418846e-06,8.705597910994618e-07,0.00018185606261019233,0.0008279673613976272,0.0007433574396729056,3.909471508937907e-05,4.3921333734525135e-06,1.4080443908469525e-05,4.114013821657834e-05,5.1308011956051e-06
12,شنو هما البلايص اللي كيعجبكم التمشاو فيهم فالرباط ليلا,RAB,شنو هما البلايص اللي كيعجبكم التمشاو فيهم فالرباط ليلا,Maghreb,RAB,Morocco,Rabat,Maghreb,Morocco,Rabat,1.3501677013742849e-09,5.654897851727565e-07,5.064848552014436e-10,1.076204013108199e-08,2.066851696034711e-09,1.1489324824728136e-08,2.472435820257432e-08,1.1009067908054847e-09,6.454507994464232e-08,2.8369146297685057e-09,1.7017775207158274e-09,1.5042935853814165e-06,0.0233534840711593,6.935953758074867e-08,1.638107973057906e-09,1.1223802993163127e-08,1.17668407507008e-09,1.0038396189061213e-10,4.647012178870943e-09,0.9766440680198331,1.3851811568386345e-08,1.0185092387931853e-08,8.764226738657799e-09,8.221799695136362e-08,3.352545107746556e-08,2.0351623209721326e-08
13,الرباط المدينة الي تقدر تبغيها و تعشقها غير من الصور أما الواقع شي حاجة أخرى,RAB,الرباط المدينه الي تقدر تبغيها و تعشقها غير من الصور اما الواقع شي حاجه اخري,Maghreb,TRI,Libya,Tripoli,Maghreb,Morocco,Rabat,4.02194298227483e-08,1.1008537225044451e-06,4.1721012782766854e-09,1.0685855346389452e-07,2.2078387120290516e-08,5.154264182313095e-07,8.594834937217729e-07,1.606530694502007e-08,0.00014198713098300135,4.2099947956414966e-07,8.883087389316718e-08,4.182108884123398e-06,1.996335581577213e-06,1.8846491800786858e-06,3.0864769624534543e-07,4.28603018538849e-07,7.835344431106075e-07,2.1650382532930148e-09,1.8319709692064697e-05,3.1821848555435347e-06,1.8609200976461775e-05,2.877862957892366e-06,0.0075270092929353195,1.1026585415710286e-06,0.9922741081611363,4.276631346938542e-08
14,انا ديرو لي غير الرفيسة والله تنجي نبارك لكم,RAB,انا ديرو لي غير الرفيسه والله تنجي نبارك لكم,Gulf,DOH,Qatar,Doha,Maghreb,Morocco,Rabat,2.705645758387493e-07,4.558369035671962e-06,5.030094602190578e-08,8.595161784029129e-07,8.034305222320635e-07,5.951493285908539e-06,5.3802552724979126e-05,2.7631340122545436e-07,0.00011881133159547028,1.9612314915432322e-06,1.6631795036119128e-06,0.9922349199346499,2.911305210697468e-05,0.0004140641855179173,6.542613410370575e-07,6.862196659200417e-05,2.748463954213418e-06,8.70239986600015e-09,9.116117215754575e-05,0.0008546453466433517,0.0033079536423878753,1.7228295241532467e-05,0.0027147616149944156,4.026458549946265e-06,7.032210055359028e-05,7.625196487685676e-07
15,ملي تمشي للگاراج تصاوب سيارتك ديما كاين واحد الولد صغير يتعلم تما ...يحل و يسد و ينضف و يسيق و يمسح و يتجرح و لكبيرة و الصغيرة في راسو,RAB,ملي تمشي للگاراج تصاوب سيارتك ديما كاين واحد الولد صغير يتعلم تما يحل و يسد و ينضف و يسيق و يمسح و يتجرح و لكبيره و الصغيره في راسو,Maghreb,RAB,Morocco,Rabat,Maghreb,Morocco,Rabat,1.3536757264306732e-06,0.027747734375493403,8.463140264009282e-08,1.7176469465828882e-06,3.1201310143541196e-07,1.175323269640113e-06,1.624054882567573e-06,1.3138960665938636e-06,0.003633445653821533,8.312893461561638e-06,3.866650600249323e-06,9.780667878202954e-06,0.28220173139556104,1.588124698280889e-05,7.816952524219044e-05,8.343093018980918e-05,4.198022552854222e-07,4.3196587075166065e-08,6.395756001594404e-06,0.6810071072383252,0.00011786607778241281,0.00012249776931691915,8.338335923602912e-06,0.0021312481198550942,0.0027097935540106952,0.00010635556931547056
16,غير هما لعندوم الكرش حنا نموتو ولا نغرقو ميهمهش الا اعمرو كرشوم لمشكل مكيشبعوش كيفترسو كلشي أرضا وبرا وبحرا وجوا وما تحت الارض غدي نتحاسبو أمام الله . كل ساق سيسقا بما سقا,OUJ,غير هما لعندوم الكرش حنا نموتو ولا نغرقو ميهمهش الا اعمرو كرشوم لمشكل مكيشبعوش كيفترسو كلشي ارضا وبرا وبحرا وجوا وما تحت الارض غدي نتحاسبو امام الله  كل ساق سيسقا بما سقا,Maghreb,FES,Morocco,Fes,Maghreb,Morocco,Oujda,0.0003388650864701251,0.0026223277409850336,3.924138767191703e-05,0.00016758726587063851,3.079245817649822e-05,3.044360862262618e-05,8.011816233928436e-05,2.1384827797012463e-05,0.010257871770964194,5.110572078889853e-05,0.000570636321936452,0.0017105363404398524,0.956939593482359,0.004713792939983791,0.0002904846135942317,5.670466595597994e-05,1.542118755343186e-05,3.7687341908633656e-07,0.00019056579819766884,0.012947878181425643,0.004103211000507146,0.0008884583794211802,0.00010476518660633465,0.00039707651235336476,0.003292354109987483,0.00013840637657305913
17,هادوك الناس ناضو يهدروا على حقهم البطالة كترت عندهم لحقاش بلعولهوم الحدود ومدارولهمش البديل وغادي يديرولهم ونتا بقا حاضي ناس عوض ماديروا يد فيد وتهظرو على حقكم اوا بقاو ناعسين وحاضيين الناس,OUJ,هادوك الناس ناضو يهدروا علي حقهم البطاله كترت عندهم لحقاش بلعولهوم الحدود ومدارولهمش البديل وغادي يديرولهم ونتا بقا حاضي ناس عوض ماديروا يد فيد وتهظرو علي حقكم اوا بقاو ناعسين وحاضيين الناس,Maghreb,RAB,Morocco,Rabat,Maghreb,Morocco,Oujda,0.00016067211552212062,0.0005105390043095053,6.641199005688913e-07,9.726454069647928e-05,2.5120681097879917e-06,9.054736889735141e-06,1.7908049027580554e-05,5.99262502355495e-06,0.000538127028895122,6.579471918176166e-06,2.3997871860191763e-05,0.0004296274673761298,0.013928603797626832,0.00017811394178175936,0.00020425537155020684,7.599347861505719e-05,4.687644634683431e-06,1.6773233738174186e-07,2.1075680213039836e-05,0.6910435308660924,5.0112395157486963e-05,0.00014214945664050267,1.713113971704795e-05,2.9359436037468977e-05,0.292492343312078,9.536647989140474e-06
18,السكوم...وفالناضور يكولولو براغوش...كيجي واعر مع البيض..اخويا دفتر نتاع نمر شفناه . ديال دبع موحال,OUJ,السكوموفالناضور يكولولو براغوشكيجي واعر مع البيضاخويا دفتر نتاع نمر شفناه  ديال دبع موحال,Maghreb,RAB,Morocco,Rabat,Maghreb,Morocco,Oujda,2.8055106781039336e-08,7.361271093910323e-07,5.167387466258238e-10,2.8957808764057896e-08,7.359548337925395e-10,6.749269480322204e-09,2.3895764297411698e-09,5.461134949528173e-09,1.469922808719506e-07,2.483791168911117e-09,3.7191046284457645e-08,8.350436136362794e-08,0.0005129695112410536,3.923683454611705e-08,2.765530235874052e-08,7.443324104899195e-09,7.755531934461888e-10,5.1166095404697104e-11,7.656710428079894e-09,0.9994856722727726,1.7503856717669307e-08,4.581257846025234e-08,1.962185371125797e-09,4.063273896781714e-08,6.412552294927116e-08,2.619603416879722e-08
19,السلام عليكم الاخوان ناس وجدة الله يجزيكم بالخير كاين واحد السيد الولد ديالو يالاه تزاد مريد الرجل ديالو عوجة بغا يدسرلو عملية باش تسكد نيشان و ملقاش باش الدري حتا هو يالاه تزوج و خدام غير كل مرة فاش يلاه يجيب باش يعيشو هو و الزوجة ديالو الله يخليكم اللي قدر يعاونو ولا يتساعد معاه لوجه اللة و ديك الملائكة يعاونهوم,OUJ,السلام عليكم الاخوان ناس وجده الله يجزيكم بالخير كاين واحد السيد الولد ديالو يالاه تزاد مريد الرجل ديالو عوجه بغا يدسرلو عمليه باش تسكد نيشان و ملقاش باش الدري حتا هو يالاه تزوج و خدام غير كل مره فاش يلاه يجيب باش يعيشو هو و الزوجه ديالو الله يخليكم اللي قدر يعاونو ولا يتساعد معاه لوجه الله و ديك الملائكه يعاونهوم,Maghreb,RAB,Morocco,Rabat,Maghreb,Morocco,Oujda,7.947740640999801e-11,9.4939593426361e-06,2.1770520613106198e-11,2.475284971416271e-10,1.1944548745151537e-10,1.5884374318606703e-10,2.0096650033476268e-10,5.739684447668085e-11,2.7280916744243612e-09,5.904330778869688e-10,1.0746454071390302e-10,7.11040169280896e-10,6.454948403385821e-05,1.4220487044186364e-09,1.8881204053709895e-10,6.866129859961136e-10,3.123004703944313e-10,8.837091397639307e-12,1.8972452796429048e-10,0.9999257917075414,6.116208387362378e-10,6.694744170842659e-10,1.3267852197391882e-09,1.0722054100570333e-07,4.0035227282152694e-08,7.1546390490844435e-09
20,ميمكنش تكون طلع نازل و تشوف هاد تصويرة و متحطش جادووغ,OUJ,ميمكنش تكون طلع نازل و تشوف هاد تصويره و متحطش جادووغ,Levant,SAL,Jordan,Salt,Maghreb,Morocco,Oujda,0.07071163679791068,0.0012250924686607724,3.0740714222471996e-06,0.003647233697924654,3.302420013285546e-06,0.00011936887261582914,5.8248637319171506e-05,0.0004061182702984653,0.0010321755384678996,0.00021537157656647494,0.13509373412601247,0.00016226524133034257,0.05054838332841793,6.079155803044122e-05,0.0030208460547586184,8.89841338936367e-05,3.4755113299932824e-06,3.289999722241597e-08,4.2306744206374604e-05,0.30522214370183826,7.846782302688333e-05,0.4252889077175483,1.0474394427325614e-05,4.8856641258323325e-05,0.002877741283688206,3.096648903619241e-05
21,ولد لعبيد دارها فالمسلمين وهما مبليين بالكراسي والكروش,OUJ,ولد لعبيد دارها فالمسلمين وهما مبليين بالكراسي والكروش,Maghreb,RAB,Morocco,Rabat,Maghreb,Morocco,Oujda,0.0012241303563749312,0.004518051996311449,3.7510050082080754e-05,0.0021553479093244453,4.528788627900069e-05,0.0006685705406929354,0.0007951547868220836,0.0010643154045511531,0.005396273686831383,0.00014839705970034467,0.004590427179664573,0.004999693510563168,0.0028923490100814697,0.005005947516755027,0.002696735599541981,0.0006703825976287893,3.957993385584146e-05,1.6416136059110508e-06,0.0007627712921010221,0.949299712253121,0.0035152021221890534,0.004135997803574125,0.00021568417362709456,0.00043521478535281144,0.004559710289471244,0.00012591064189703904
22,ناصر الزفزافي كاع لفديو ديال مظاهرة كيقولهم حنا مكنظربوش حنا كنهدرو واها الكدابين هدوك المخزن تفو علهم,OUJ,ناصر الزفزافي كاع لفديو ديال مظاهره كيقولهم حنا مكنظربوش حنا كنهدرو واها الكدابين هدوك المخزن تفو علهم,Maghreb,FES,Morocco,Fes,Maghreb,Morocco,Oujda,1.987725421310294e-09,1.3962193332943363e-06,1.9459058407428368e-09,1.0024318254576e-08,5.9676560119283965e-09,1.0440782586960926e-08,1.3200248756967092e-08,1.0282240965861545e-09,1.2478382879629152e-07,7.792421146782607e-09,9.134200347706084e-09,1.982726066498851e-08,0.9986064572885334,8.412981769251827e-08,8.618158005064829e-09,1.5869260617391378e-08,9.239235535669427e-10,2.2463595552357062e-10,1.9691003101041384e-08,0.0013915421447412192,1.0164865130674774e-08,2.7421615306051654e-08,1.0397056491692223e-08,1.5797811439048308e-08,2.0175482800589364e-07,3.2218447990810888e-09
23,انا محلو بخليها وعم مهلن ل يطلعوها ويقلن هذا الموجود ويعزم امرأة من رفقات امو ل عندا بالمستشفى احتفالا بسلامتها ويطوشن ليدفعولو هني مليون و يقولولو دخيلك خذها وفل,BEI,انا محلو بخليها وعم مهلن ل يطلعوها ويقلن هذا الموجود ويعزم امراه من رفقات امو ل عندا بالمستشفي احتفالا بسلامتها ويطوشن ليدفعولو هني مليون و يقولولو دخيلك خذها وفل,Gulf,DOH,Qatar,Doha,Levant,Lebanon,Beirut,1.3547433872589788e-05,4.7071045359344465e-05,4.759767679010958e-07,4.0989036136139034e-05,5.721255488405503e-06,0.00027419876071264996,0.0010641606893620678,2.6254436072773055e-05,0.0005990284892888496,2.0354176857823686e-05,3.543272215916489e-05,0.49553515491366484,1.9332484048973855e-06,0.0003755992353210129,5.532389314878761e-05,4.853053567582357e-05,0.000204722398768487,1.1247339779424469e-06,0.0019628372176422014,4.276417977550134e-06,0.013635404356774369,0.017312070111574675,0.4643573036618254,0.0006837425970015214,0.00019872017882861963,0.003496022477336144
24,ليليان انحرمت من طفلها في غيبوبة في بعد أبشع واقسى من قلب والد الطفل ونزعه من أمه وهذا حصل في فترة غيبوبة ليليان في إنفجار مرفأ بيروت ولادهم راحت قيمتها الله يكون بعون الاهل وولادهم ويمرر هلازمة ع خير,BEI,ليليان انحرمت من طفلها في غيبوبه في بعد ابشع واقسي من قلب والد الطفل ونزعه من امه وهذا حصل في فتره غيبوبه ليليان في انفجار مرفا بيروت ولادهم راحت قيمتها الله يكون بعون الاهل وولادهم ويمرر هلازمه ع خير,Gulf,SAL,Jordan,Salt,Levant,Lebanon,Beirut,0.0005432196602473908,0.00028708923575722497,3.5621302814055846e-06,0.0033172723561584816,8.7080943731448e-05,0.00023122162875936303,0.0005996380337587151,7.56793485218845e-05,0.005941418816859871,0.001728968501772939,0.001413432088691502,0.10345086606525429,8.45738903300419e-06,0.005754141902473691,0.016142996909959264,0.010532724251394393,0.0001276690962536608,9.218166420760984e-05,0.34373559097533213,1.0413731187223355e-06,0.028592627154249945,0.4125427332641201,0.010285624410428336,0.002836380084695158,0.05162342820299594,4.4954511943713737e-05
25,الله يجمعك فيه لابنك بأقرب وقت وربنا ما بروح لك تعبك وعذابك ياحبيبت قلبي اعطي دعم لنفسك وكوني قويه وربنا معك حبي مستحيل تصير ببلدنا للأسف شعب اغلبه بتشغلوا المظاهر والعنصرية بكل اشكالها مريض,BEI,الله يجمعك فيه لابنك باقرب وقت وربنا ما بروح لك تعبك وعذابك ياحبيبت قلبي اعطي دعم لنفسك وكوني قويه وربنا معك حبي مستحيل تصير ببلدنا للاسف شعب اغلبه بتشغلوا المظاهر والعنصريه بكل اشكالها مريض,Gulf,RIY,Saudi Arabia,Riyadh,Levant,Lebanon,Beirut,0.0005272077912384572,5.072902000290787e-07,4.119426537141563e-07,0.00851486423313269,8.483866299686624e-06,0.00011156296002255441,0.005268873501363934,0.00012944735889122122,0.008724899808743624,1.684272002425377e-05,0.006740402082473047,0.017206914601334222,6.757662751784375e-08,0.20819956209279952,0.006074291703933323,2.4429752709024737e-05,6.583807293680853e-05,1.2840580844351358e-07,0.0015023991524137055,2.1528256706204533e-08,0.4486308443720174,0.11793130083162454,0.1699687279848861,5.146095447431764e-06,0.0003456617163971302,1.162557764962783e-06
26,ان شالله يارب يفرجها عليكم ويطبق القانون ويرتاح راسكم وتتفضوا لدرسكم امين البعض ما بيعرف كيف ولادنا عايشين بايطاليا بالقلة بالتقشف بالاكل والملبس وكيف الاهل عمبحولوا لولادهم اجار السكن سعر الدولار حتى ما ينطردوا برا وينذلوا ويخسروا علمهم بس اديش الاهل قادرين يصمدوا ع هالوضع,BEI,ان شالله يارب يفرجها عليكم ويطبق القانون ويرتاح راسكم وتتفضوا لدرسكم امين البعض ما بيعرف كيف ولادنا عايشين بايطاليا بالقله بالتقشف بالاكل والملبس وكيف الاهل عمبحولوا لولادهم اجار السكن سعر الدولار حتي ما ينطردوا برا وينذلوا ويخسروا علمهم بس اديش الاهل قادرين يصمدوا ع هالوضع,Levant,BEI,Lebanon,Beirut,Levant,Lebanon,Beirut,0.02806459888240099,2.3770844002384815e-06,5.983570715973161e-07,0.005700544083003892,2.2050068159923117e-06,0.00013688019524040482,0.0026381220613865904,0.8914887358351815,0.0029537563386388527,1.7675448194039424e-05,0.03087964417276566,0.0023219015568005006,8.551440539545067e-08,0.00628320603726404,0.011423183867765712,0.000809867439124023,4.762773022656868e-05,1.0253777029947735e-07,0.00018025251125844513,1.0669593670097294e-07,0.0032623412603013774,0.013162872001573577,0.00026873871616645527,9.025304911035276e-06,0.0003444389170918791,1.1124443037725438e-06
27,امين يا رب تنفرج ع كل الطلاب ويخلصوا من هل كابوس ويطمنوا اهلهم عليهم حتى يكملوا دراستهم ونفسيتهم مرتاحة وحاسين بالاستقرار وقيمة مصرياتن لي صمدوها عشان يعلموا ولادهم راحت قيمتها الله يكون بعون الاهل وولادهم ويمرر هلازمة ع خير,BEI,امين يا رب تنفرج ع كل الطلاب ويخلصوا من هل كابوس ويطمنوا اهلهم عليهم حتي يكملوا دراستهم ونفسيتهم مرتاحه وحاسين بالاستقرار وقيمه مصرياتن لي صمدوها عشان يعلموا ولادهم راحت قيمتها الله يكون بعون الاهل وولادهم ويمرر هلازمه ع خير,Maghreb,TRI,Libya,Tripoli,Levant,Lebanon,Beirut,0.0018327946758397275,1.9906727076100256e-05,1.986857864423144e-06,0.00032110273067108286,6.304642702547061e-06,6.0636665911710275e-05,0.0009024860040155795,2.873296856968841e-06,0.0012635297644809933,8.961880682147066e-05,4.2530046301653125e-05,0.0007982650846796994,2.7431573554208803e-07,0.00042833578038475656,0.0004151112864537029,0.0008261805208097852,2.537232387178251e-05,7.278757173893648e-07,0.00030436338093064747,1.6823001429872138e-07,0.00047949070166528697,0.0003446802370350448,0.00016515744474277823,1.7726572298464267e-05,0.9916475543957418,2.8216313768639204e-06
28,الف تحية للجيش للبناني لصهران لرياحت الشعب يصهر وينبصط وافراد للجيش بعيدي عن عيالا الله ينصر الجيش ويبعد عنو ولاد لحرام وينعاد علجميع أنا هيدا المقال بس اللي كان ناقصني كرمال صير غني و شي مليون دولار,BEI,الف تحيه للجيش للبناني لصهران لرياحت الشعب يصهر وينبصط وافراد للجيش بعيدي عن عيالا الله ينصر الجيش ويبعد عنو ولاد لحرام وينعاد علجميع انا هيدا المقال بس اللي كان ناقصني كرمال صير غني و شي مليون دولار,Levant,BEI,Lebanon,Beirut,Levant,Lebanon,Beirut,1.7005284580486307e-06,1.4449663252004127e-09,1.603732429691379e-10,5.373118492572089e-07,4.953524286756364e-09,1.1460798163774389e-08,3.1558441725097825e-08,0.9999888521385997,2.2791876146673284e-08,8.871246365386463e-09,4.878753692041036e-06,6.571455824398785e-08,1.2077786717054324e-09,3.929461604795912e-08,1.0589991768326731e-06,1.0243693695826542e-08,2.891690053196625e-08,7.578107372073677e-12,5.5847601625998456e-09,1.7344160980465421e-09,1.7550701325113817e-08,2.6873353872344767e-06,1.989312642327243e-08,3.730171650788543e-09,8.877373139310953e-09,9.35936469565474e-10
29,هيك كِبروا منير وأنسي وصاروا بياخدوا العقل أحيان كتيرهالشي أعجوبة إنو كيف استوعبوا غياباتي وسفراتي وتقصيري معهم وكيف مش حاقدين عليي ولا ع جنس النساء وكيف كمان عندهم أخلاق وضمير وبيحترموا المرأة وقدراتها وقيمتها,BEI,هيك كبروا منير وانسي وصاروا بياخدوا العقل احيان كتيرهالشي اعجوبه انو كيف استوعبوا غياباتي وسفراتي وتقصيري معهم وكيف مش حاقدين عليي ولا ع جنس النساء وكيف كمان عندهم اخلاق وضمير وبيحترموا المراه وقدراتها وقيمتها,Levant,JER,Palestine,Jerusalem,Levant,Lebanon,Beirut,0.0022890302832687358,2.416040551264627e-07,6.34505894902776e-07,0.2382132694835199,2.045294820007047e-06,1.3529080290446302e-06,3.570730944987614e-06,0.0015387203263065206,1.3496702423412e-05,6.3930227217852234e-06,0.011556511081247686,2.9711788453338126e-06,5.687569450427817e-08,5.153983417381965e-05,0.6953353696987219,4.921248971864018e-06,3.7461069314917533e-07,1.332103228916062e-08,2.5872198351990613e-06,5.3293331398068165e-08,7.891397087213504e-06,0.050952811616034946,6.58642317383194e-06,4.024819001652824e-07,9.019254103023338e-06,1.3560316942674862e-07
30,بيشتغلوا من قلبهم وبنزاهة وصدق وأمور تانية كتير رائعة موجودة فيهم هل هوي حظّ ما بعرف شو ما كان السبب أنا ممتنة بجنون ممتنة لدرجة النشوة ممتنة بتواضع هائل هائل,BEI,بيشتغلوا من قلبهم وبنزاهه وصدق وامور تانيه كتير رائعه موجوده فيهم هل هوي حظ ما بعرف شو ما كان السبب انا ممتنه بجنون ممتنه لدرجه النشوه ممتنه بتواضع هائل هائل,Levant,BEI,Lebanon,Beirut,Levant,Lebanon,Beirut,0.0008210408480080998,4.810602061938067e-08,1.6938341054931825e-06,0.11628943208014803,8.819147867599981e-06,6.1544856500587065e-06,7.323928267518623e-06,0.7591104430673183,5.246898180402861e-06,0.00012331483410903273,0.11557767929162203,4.367750315498388e-06,2.1757333466075973e-08,2.4925524890626883e-05,0.004018627969652961,6.852922866751046e-05,1.1109394479611562e-05,8.255748712286557e-08,2.5535529887484712e-05,7.288567298702768e-09,3.0385810502172075e-05,0.003677554517069865,0.0001267014796783198,1.4125402373871374e-07,6.0764276559447736e-05,4.913958747375287e-08
31,جبت ولدين ع الدني حبيباتي وروح قلبي منير وأنسي بس عندي ولاد كتير إنتو كل يوم عم تزيدوا وكل يوم عم تخلقوا أقوياء وأحرار من رحمي شكرا ع هالهدية يلي ما بتتقدر هدية إنكن موجودين بحياتي هدية إنكن دوا ليأسي من هالبلد حدكن أنا حدي إنتو,BEI,جبت ولدين ع الدني حبيباتي وروح قلبي منير وانسي بس عندي ولاد كتير انتو كل يوم عم تزيدوا وكل يوم عم تخلقوا اقوياء واحرار من رحمي شكرا ع هالهديه يلي ما بتتقدر هديه انكن موجودين بحياتي هديه انكن دوا لياسي من هالبلد حدكن انا حدي انتو,Levant,ALE,Syria,Aleppo,Levant,Lebanon,Beirut,0.8718170076627104,6.291002224407436e-08,3.695974882722081e-08,0.0006575158377660767,7.130535453392841e-07,7.577855463563864e-07,6.5260729065516165e-06,0.12276707286431995,1.193061806085997e-06,9.528271160085077e-06,0.0028919035432000127,1.6707905502615788e-06,1.1252643301519152e-08,3.0346009367640806e-06,0.0017728361893567625,2.0703379377803767e-06,5.401868747762534e-07,5.585627471029611e-09,5.477963141638393e-07,1.490460301573592e-08,6.235954058719162e-07,6.172806049002795e-05,1.705268462744533e-06,4.451327398389473e-08,2.8059951048553715e-06,4.289968617246123e-08
32,لو في عدل بهالدني ما كان أي حدا بينحرم من حدا بيحبو اليوم أنا وعايشة نعمة وجود يلي بحبهم حدي من بعد هالسنة اللعينة اللي قطعت علينا عم فكر كمان بكل شخص متألم بهالفترة أو حزين أو مشتاق أو مستفقد أو محتاج بتمنى من كل قلبي وروحي يصير شي أو يوصل حدا ع حياتكم,BEI,لو في عدل بهالدني ما كان اي حدا بينحرم من حدا بيحبو اليوم انا وعايشه نعمه وجود يلي بحبهم حدي من بعد هالسنه اللعينه اللي قطعت علينا عم فكر كمان بكل شخص متالم بهالفتره او حزين او مشتاق او مستفقد او محتاج بتمني من كل قلبي وروحي يصير شي او يوصل حدا ع حياتكم,Levant,BEI,Lebanon,Beirut,Levant,Lebanon,Beirut,8.099609421998633e-05,4.535047753890043e-09,4.2186876201284535e-09,1.656268820254869e-05,8.419814943574601e-08,2.7374898742895554e-07,3.6784828816636594e-07,0.9991169557717969,3.5729452460342213e-07,3.590928345084757e-07,0.0006782496672144044,1.0833353955355805e-05,2.545752168361698e-09,6.142810941420553e-07,3.800661996946167e-05,2.748896770399284e-07,2.2170331402799016e-07,1.9490511922478572e-10,3.732474397148779e-07,1.748470986202892e-09,4.4870910648890846e-07,5.270808990614765e-05,1.655251440616191e-06,2.0567844153761463e-08,6.184848067279976e-07,5.15436466345539e-09
33,النائب نفسه خرب الدنيا عندما إقترب أحدهم من إبنته و هي تحتفظ بأبنائها على عكس بنات الطائفة الكريمة و عندما حاول طليقها إيذاؤها واجهه بالسلاح يخفف من حِمل وجعكم أوقات نقطة ضو بتعبي كل العتمة بغمركم وببعتلكم حب كتير,BEI,النائب نفسه خرب الدنيا عندما اقترب احدهم من ابنته و هي تحتفظ بابنائها علي عكس بنات الطائفه الكريمه و عندما حاول طليقها ايذاؤها واجهه بالسلاح يخفف من حمل وجعكم اوقات نقطه ضو بتعبي كل العتمه بغمركم وببعتلكم حب كتير,Modern Standard Arabic,MSA,Modern Standard Arabic,Modern Standard Arabic,Levant,Lebanon,Beirut,0.0003356840843458469,0.0002488919913911357,5.472637211409104e-06,0.0023605329260813364,2.7915256306146055e-05,0.00019433141263071167,0.000524216292429074,8.482135161065179e-05,0.0010424504748692053,0.0001550813046297858,0.001300090662655374,0.0001294111012615273,4.450728224183708e-06,0.0004743412296921927,0.04295560132705338,0.008242754351776568,0.0028444924185688316,0.48978706440417635,0.4075004500924875,6.154188751182107e-07,0.025698911417264863,0.005974318927256138,0.006715844554306281,1.879996003425231e-05,0.0033709218014919507,2.5338733701969023e-06
34,حاسة حيصير انفجار نفسي عند هالبنات يلي بيعانو من ضغط بمجتمعهم بتخيل انو اغلبهم نفسيا حيتغيرو و ينحرفوا من هلا عم شوف و ارى الاعظم آت,BEI,حاسه حيصير انفجار نفسي عند هالبنات يلي بيعانو من ضغط بمجتمعهم بتخيل انو اغلبهم نفسيا حيتغيرو و ينحرفوا من هلا عم شوف و اري الاعظم ات,Levant,SAL,Jordan,Salt,Levant,Lebanon,Beirut,0.00020788206232756019,1.299573080865821e-07,2.3108022704915756e-08,0.00011017890272968545,1.645511947940834e-07,4.726108040395044e-07,2.103309291308934e-06,0.0002318193494557594,5.260954887737846e-06,1.3371296882606998e-06,0.0008979033871544687,1.2689304171544208e-06,1.1813994583591532e-08,4.829775858932835e-06,0.18818138153424266,2.6314463443542574e-06,6.408938990568871e-07,6.470427323125524e-09,1.524658578436783e-06,1.102258559365755e-08,4.477844870774106e-06,0.8103343753190687,1.5737657456193615e-06,7.36234792092091e-08,9.88920211872041e-06,2.8375504376836894e-08
35,الحفرة هاذي هي سبب من أسباب موت هاالنوارة الله يرحمها و ينعمها و إن شاء الله ربي يتقبلها بالرحمة,TUN,الحفره هاذي هي سبب من اسباب موت هاالنواره الله يرحمها و ينعمها و ان شاء الله ربي يتقبلها بالرحمه,Maghreb,SFX,Tunisia,Sfax,Maghreb,Tunisia,Tunis,3.509049866696751e-08,8.006377220944957e-06,2.7816067547246696e-09,9.222232120229445e-08,7.627611872154387e-08,2.1545655281200343e-06,1.0767933706458718e-06,3.5173007008016934e-08,6.660986527222885e-05,2.416679241600693e-07,3.5650539972879503e-07,2.185815675424243e-05,3.5390766002848486e-08,8.021784083982166e-07,2.7427777194661925e-07,3.368615292550943e-07,9.029564344154002e-07,8.107860861318264e-09,2.6705203967289713e-06,6.735824995137801e-08,5.807868670296368e-06,2.0921804308843604e-06,1.3972476981576955e-05,0.9893026807456703,0.010509576437251481,6.022716455541458e-05
36,الحمد لله مانيش مروح حتى تتفض جملة حكاية هالمرض و بعد يعمل ربي دليل,TUN,الحمد لله مانيش مروح حتي تتفض جمله حكايه هالمرض و بعد يعمل ربي دليل,Maghreb,SFX,Tunisia,Sfax,Maghreb,Tunisia,Tunis,4.779536690885612e-07,0.0001347644964088958,8.083618469184982e-08,1.1444582761770378e-06,6.646253478822546e-07,1.0719955983381887e-06,1.29414623871122e-06,4.563709026050686e-06,2.2549209724857002e-05,4.311739835370513e-06,2.4705627195855243e-06,1.8378283872634912e-06,2.866299574996599e-08,4.501763207707924e-06,8.997403103561143e-06,1.3919387675335805e-05,5.775621908865869e-07,3.1794556107204547e-09,2.9351480331333252e-06,1.1402108342352322e-07,1.2457966400068212e-05,3.223432766400636e-05,3.103397577921113e-06,0.9978620243798468,9.518386042883518e-05,0.0017886873789200706
37,الخامجة هذي و اتباعها معطلين مصالحنا و البرلمان ردوه سرك وكان مش باش نوقفوها عند حدها البلاد باش تمشي في هاوية,TUN,الخامجه هذي و اتباعها معطلين مصالحنا و البرلمان ردوه سرك وكان مش باش نوقفوها عند حدها البلاد باش تمشي في هاويه,Maghreb,TUN,Tunisia,Tunis,Maghreb,Tunisia,Tunis,9.322539397158162e-11,2.2636958058066546e-07,1.5893887341201496e-11,1.3974698708148862e-10,7.415659212742374e-11,6.183038499915175e-10,2.1626741539066914e-10,2.0644408392262826e-10,5.1945746450107716e-08,9.037170595644936e-10,1.8471669526159734e-10,1.0316359785386362e-09,1.074461319874767e-09,4.063295817520303e-10,1.166552237385806e-09,2.746276820471659e-10,4.875829592706789e-10,7.008150968747982e-12,6.785497252027899e-10,7.987424300566038e-09,3.0187314021610147e-09,2.3332063919734986e-09,1.8404081417999124e-09,0.00044425636573605984,9.32571184192593e-06,0.9995461168481051
38,صحيح حتى البقية مايصلحوش اما صدقوني هذي باش ترجعنا قرون للوراء وحدة نازية فاشية دكتاتورة كيف بوها لحنين و خاصة عميلة ووجودها في المجلس عندو أهداف لأجندات أجنبية,TUN,صحيح حتي البقيه مايصلحوش اما صدقوني هذي باش ترجعنا قرون للوراء وحده نازيه فاشيه دكتاتوره كيف بوها لحنين و خاصه عميله ووجودها في المجلس عندو اهداف لاجندات اجنبيه,Maghreb,SFX,Tunisia,Sfax,Maghreb,Tunisia,Tunis,9.947465427006933e-08,3.093634858142177e-05,8.595504627522531e-09,3.673244143833326e-07,3.243265000018792e-07,9.604786505498138e-06,1.5434461980977192e-06,2.603911345935997e-07,7.835261300078899e-05,1.89632617035696e-06,1.2010127575263135e-06,6.199734403387348e-06,3.507653696044557e-07,6.5824745836437085e-06,1.7191811194182115e-06,1.9070666656920962e-06,1.6402077169882236e-05,8.960696178978314e-09,1.2970740504947987e-05,4.918345077101719e-07,0.00013534735230272596,1.0217482647428045e-05,0.015425798978496379,0.8341720638011938,0.06688021737542145,0.08320512752949634
39,في كل ماتش متع بالميراس تهزو للستاد وبما انو ما يشوفش تقعد تحكيلو على كل هجمة ولا فرصة باش ولدها يعيش اللحظة اي نعم هاذي حاجة مالحاجات الي ما تنجم كان الام تعملهم لولدها ببرشا صبر ومحبة وربي يخليلكم امهاتكم ويرحم الي توفاو,TUN,في كل ماتش متع بالميراس تهزو للستاد وبما انو ما يشوفش تقعد تحكيلو علي كل هجمه ولا فرصه باش ولدها يعيش اللحظه اي نعم هاذي حاجه مالحاجات الي ما تنجم كان الام تعملهم لولدها ببرشا صبر ومحبه وربي يخليلكم امهاتكم ويرحم الي توفاو,Maghreb,SFX,Tunisia,Sfax,Maghreb,Tunisia,Tunis,4.5678071318361166e-11,5.859553111122623e-09,1.11162098376382e-12,5.887155910680338e-11,3.6102845793092e-11,3.975125479102372e-10,2.967508450197359e-10,2.685076234033863e-11,2.5947563892325527e-09,1.504998016330574e-10,6.354519385133418e-11,1.5268186574503583e-10,4.306261687104575e-11,1.4871410255994603e-10,1.6793449548640717e-10,1.334201406658451e-10,7.942564921553328e-10,1.802198317229052e-12,4.842571810695728e-10,5.569158063039604e-11,2.0450545311425955e-10,1.842002617800859e-09,1.4365649889885423e-09,0.9984325140079405,5.544437685088976e-07,0.0015669165521645342
40,مش زي الام الأمريكية يللي رمت بولدها المتوحد في البحيرة بارادتها وكامل قواها العقلية وهربت عنه وخلاته يموت وحده,TUN,مش زي الام الامريكيه يللي رمت بولدها المتوحد في البحيره بارادتها وكامل قواها العقليه وهربت عنه وخلاته يموت وحده,Maghreb,TRI,Libya,Tripoli,Maghreb,Tunisia,Tunis,2.7404277399339356e-05,7.919474608178476e-07,7.426431106825693e-05,0.005741290419673953,0.01130905884517602,0.00033196331629675713,0.0034522092977713,1.4133538777385604e-05,0.11470685789905387,0.20754779242700028,0.0027081548087904217,0.0010724412214962106,2.7967550730767326e-07,0.07135236661239958,0.045405124060946135,0.0005913783893079674,1.5071574703768922e-05,9.067157461813563e-08,0.0009944088369564408,4.105676144679401e-08,0.00168568506397216,0.010316100384242799,0.00840941470910454,4.094111256311326e-06,0.5142381353975135,1.4471457884321083e-06
41,ولما اكتشفو جريمتها وواجهوها بللي عملاتو لولدها قالت حجتها الواهية انه ولدها أصبح عبئ عليها من بعد أزمة الكورونا وعلى أساس قررت انها تموته باش يكون في مكان أفضل حسب خيالها,TUN,ولما اكتشفو جريمتها وواجهوها بللي عملاتو لولدها قالت حجتها الواهيه انه ولدها اصبح عبئ عليها من بعد ازمه الكورونا وعلي اساس قررت انها تموته باش يكون في مكان افضل حسب خيالها,Gulf,RIY,Saudi Arabia,Riyadh,Maghreb,Tunisia,Tunis,0.00017649003951637673,8.454224210518752e-05,0.00013389927920448553,0.005020183569747727,0.0038582265367108058,0.00036363253680271574,0.00058073029390983,5.6998633280522584e-05,0.002446152869474112,0.34029255738305964,0.0034133076380780617,0.0024170279841213473,2.674764602855908e-06,0.09754632896909483,0.1015185908506652,0.0015616669665986386,6.778484978073841e-05,5.113942004596106e-06,0.009316435229886743,1.1603631866610897e-06,0.40591723134358043,0.010102770112178621,0.002166989015196278,0.00014130433449008247,0.012785147325435783,2.3052927287890217e-05
42,في زمن الكورونا البنات ولاو يعشقو الذكر اللي يصبغ شعرو و يلبس بلوطة و يريقل حواجبو شاب تونسي صاحب صوت خيالي,TUN,في زمن الكورونا البنات ولاو يعشقو الذكر اللي يصبغ شعرو و يلبس بلوطه و يريقل حواجبو شاب تونسي صاحب صوت خيالي,Maghreb,TUN,Tunisia,Tunis,Maghreb,Tunisia,Tunis,8.445594876731516e-06,0.0027153744283784863,4.931578397446498e-07,0.00010979645031737606,6.081487407860725e-06,5.753798450618379e-06,1.4034475763652844e-05,0.0001420551336284265,0.0009059302898027436,6.324674465480616e-05,3.149023055383993e-05,0.00017763078322871687,9.067763574107329e-07,0.00017971898208169455,0.00043453067976652164,0.0006798920064588751,8.123383065522496e-06,2.393963229149508e-08,5.0341766183976166e-05,4.504772897517815e-06,0.001310926341983137,0.012749620642030994,0.00016106716217727444,0.40932206433910456,0.0006328706394429732,0.5702850759939142
43,علاش راكم تديرو لبلادكم هكذا علاش علاش راكم تقسمو في بلادكم شوفو لسوريا وليبيا والعراق علاش تبعو في العملاء كل مجموعة تسيرها دولة حتى تتقسم تونس الشقيقة,TUN,علاش راكم تديرو لبلادكم هكذا علاش علاش راكم تقسمو في بلادكم شوفو لسوريا وليبيا والعراق علاش تبعو في العملاء كل مجموعه تسيرها دوله حتي تتقسم تونس الشقيقه,Maghreb,SFX,Tunisia,Sfax,Maghreb,Tunisia,Tunis,8.64866018938553e-07,0.36732653486468575,2.3646878515320254e-08,6.675031810995119e-07,2.2724625412368276e-07,8.824173200405996e-07,5.652234878378861e-07,3.563640473501348e-07,5.558341240928323e-05,9.100486484579663e-07,1.4884379605382393e-06,2.6726418695096803e-06,9.273965398939634e-05,9.972085129636691e-06,1.0915329183001887e-06,1.338054966862834e-06,7.890608314324149e-07,4.266573884734593e-08,2.4676322175810584e-06,0.0044740819764335395,7.93733407488237e-06,2.3571423753967464e-06,1.1470512553873036e-05,0.6197876835703159,0.003195908553181331,0.00502134355251136
44,ونعم الام مش زي الام الأمريكية يللي رمت بولدها المتوحد في البحيرة بارادتها وكامل قواها العقلية وهربت عنه وخلاته يموت وحده.. ولما اكتشفو جريمتها وواجهوها بللي عملاتو لولدها,TUN,ونعم الام مش زي الام الامريكيه يللي رمت بولدها المتوحد في البحيره بارادتها وكامل قواها العقليه وهربت عنه وخلاته يموت وحده ولما اكتشفو جريمتها وواجهوها بللي عملاتو لولدها,Nile Basin,CAI,Egypt,Cairo,Maghreb,Tunisia,Tunis,7.325740958987394e-06,2.7024747666635095e-07,5.7956786112615885e-05,0.0006118242964497076,0.008302844344666264,1.7224603176811632e-05,1.9405759054002177e-05,3.137682309254757e-06,0.0019405868357662383,0.9596065494154674,0.00033940155884165055,6.819430511079948e-05,8.793331744168932e-08,0.001589247071287842,0.008301412416678563,0.00013399495640847416,1.5173616955444026e-06,2.9300419901229638e-08,4.4393505796030994e-05,3.242044726430969e-08,6.716585112860485e-05,0.0006082561592521571,0.0002587116887952565,1.048129331331661e-06,0.01801909462711539,2.8700293562615764e-07
45,قالت حجتها الواهية انه ولدها أصبح عبئ عليها من بعد أزمة الكورونا وعلى أساس قررت انها تموته باش يكون في مكان أفضل حسب خيالها,TUN,قالت حجتها الواهيه انه ولدها اصبح عبئ عليها من بعد ازمه الكورونا وعلي اساس قررت انها تموته باش يكون في مكان افضل حسب خيالها,Gulf,RIY,Saudi Arabia,Riyadh,Maghreb,Tunisia,Tunis,3.201469050766781e-05,3.594869910879178e-05,5.940050732493664e-06,0.0008689051284007058,0.00010671294012892849,0.0001356455059466148,0.00016192252939732012,8.81417410631134e-06,0.0005906677871473131,0.0007292800563011275,0.0007077185329131451,0.0007861725744081568,7.260418167884199e-07,0.02278025179054075,0.008250261910040477,0.00026256063481540576,3.123691298946895e-05,2.2696574006419427e-06,0.005997935826770124,1.9573385695438175e-07,0.9530901308573418,0.0024082844746657513,0.0005028344092852797,6.193947413327288e-05,0.0024318257773939746,9.80382985070594e-06
46,الصويردات مشاو على رواحهم يرحم والديك هبّطها راو تاعب بارش مسكين و ما لقاش شكون ياقف معاه ؛ خلّي صوتو يوصل,TUN,الصويردات مشاو علي رواحهم يرحم والديك هبطها راو تاعب بارش مسكين و ما لقاش شكون ياقف معاه  خلي صوتو يوصل,Maghreb,SFX,Tunisia,Sfax,Maghreb,Tunisia,Tunis,6.269492713442061e-08,1.419268810125895e-06,7.345322563977118e-10,5.715206132937804e-08,5.356552244271287e-09,6.932157335256243e-08,1.294304592733921e-07,2.9757323076411282e-08,2.6852844164821377e-06,3.003887682739194e-08,5.0130909929706276e-08,1.5758097657731987e-07,1.017983817033818e-08,1.2623758536665655e-07,3.8651437904738973e-07,1.1365109303225292e-07,2.414507694425888e-08,1.5835423581736784e-10,6.307039759929908e-08,7.576367441909488e-08,2.005891867473132e-07,7.05391414694523e-07,5.367631630001751e-07,0.9961712513692518,0.0017766729423676062,0.002045136472798737
47,إن شاء الله أي واحد يشوف التصاور هاذم و النساء الي ظهوراتها مقوسة يعاود يخمم ألف مرة قبل ما يلوح حاجة في الشارع,TUN,ان شاء الله اي واحد يشوف التصاور هاذم و النساء الي ظهوراتها مقوسه يعاود يخمم الف مره قبل ما يلوح حاجه في الشارع,Maghreb,TRI,Libya,Tripoli,Maghreb,Tunisia,Tunis,1.0681656339200331e-09,1.0232280682963553e-07,3.859011252513014e-10,8.028565288074675e-09,1.0214082010661818e-08,7.114284599850885e-07,1.682336626665904e-07,1.9249463960300068e-09,5.065454088849018e-06,1.2523968123847655e-07,2.0303022296658953e-08,3.318064344697375e-07,3.235319677922007e-09,1.118346759976663e-07,2.0363937746481778e-08,7.395691648579282e-08,1.1329686408029165e-07,4.3050707310823333e-10,1.1811198221876651e-07,2.026179526814553e-09,1.2540926179578412e-07,5.874552946968781e-08,2.1646333466855834e-06,0.0001330147647753775,0.9998559782386965,1.6685421904292152e-06
48,راجل سيد الرجال ربي يعينك نشالله حشاك انتي عون بلدي انتي الي بلاش بيك دود ياكلنا والزبال هوا في مخو ومنطقو وقلة تربية متاعهم الله وانتي الله يعنيك بلادك كلبة وناسها اللطف,TUN,راجل سيد الرجال ربي يعينك نشالله حشاك انتي عون بلدي انتي الي بلاش بيك دود ياكلنا والزبال هوا في مخو ومنطقو وقله تربيه متاعهم الله وانتي الله يعنيك بلادك كلبه وناسها اللطف,Maghreb,SFX,Tunisia,Sfax,Maghreb,Tunisia,Tunis,4.5433707969821114e-10,1.4838669835052252e-07,3.363353869016869e-11,1.547196066724072e-09,2.144274451066372e-09,2.5782942513241907e-08,2.0075024076996956e-08,1.1834068230032362e-09,6.509063356271238e-08,1.2444317944827282e-08,2.0066338722955935e-09,2.019944613129997e-08,4.618260256159018e-09,2.4908994399271793e-08,2.01893988624842e-09,2.5499764459288768e-09,5.761253378438482e-09,4.530745966264682e-11,5.092218943747754e-09,1.568344339070894e-08,7.826524334008358e-09,8.288638808181325e-09,2.72831353781197e-08,0.9999794212165445,6.395976702929197e-06,1.3779381515563482e-05
49,توة عندي أكثر من جمعتين كل من نوصل ولدي يقرأ نرا مرا الصباح شدا ولدها تكركر فيه بش تهزو يقرأ بالسيف و كي توصل قدام المكتب الطفل يدز أمو و يهرب يجري لا يخاف لا من كراهب ولا من حتى شيء المهم يهرب من المكتب حبيت نسألها,TUN,توه عندي اكثر من جمعتين كل من نوصل ولدي يقرا نرا مرا الصباح شدا ولدها تكركر فيه بش تهزو يقرا بالسيف و كي توصل قدام المكتب الطفل يدز امو و يهرب يجري لا يخاف لا من كراهب ولا من حتي شيء المهم يهرب من المكتب حبيت نسالها,Maghreb,SFX,Tunisia,Sfax,Maghreb,Tunisia,Tunis,8.181326257328168e-08,0.18415703039183898,7.890339602291885e-09,1.3024466210512367e-07,1.5690706991782015e-07,8.780288247966676e-07,8.413585327706325e-07,1.5817105466387576e-07,1.113778353453579e-05,5.456745216922452e-07,1.9784633862067008e-07,3.451065718261407e-07,1.0876670206700486e-06,1.2237093090451353e-05,4.816291704944792e-07,9.309972581132842e-07,2.773478626831449e-07,1.6789757548559613e-07,4.491927261527321e-06,5.666435565431959e-06,9.043917196307158e-06,2.961084811624137e-06,1.0128412387891649e-06,0.8109645916657058,4.413194950513692e-05,0.004781406330185449
50,أما بحكم إنو ماناش فرد مكتب كي نبدي راجعة ما نراهاش ياخي ليوم ريتها و كي العادة ولدها يبكي بالشهقة مشيتلو قتلو علاش تبكي قالي قلها تسيبني نحب نهرب وما نحبش نمشي نقرا قتلو علاش قالي المعلمة كل يوم تشوي فيا بالعصا وتقلي يا بهيم نخاف منها منعني أمان سخفني و حمملي قلبي كلمت أمو قلتلها إمشي للمعلمة وكلمها يا خي هبططت راسها قاتلي مشيتلها أما باقي عبددتو الله غالب,TUN,اما بحكم انو ماناش فرد مكتب كي نبدي راجعه ما نراهاش ياخي ليوم ريتها و كي العاده ولدها يبكي بالشهقه مشيتلو قتلو علاش تبكي قالي قلها تسيبني نحب نهرب وما نحبش نمشي نقرا قتلو علاش قالي المعلمه كل يوم تشوي فيا بالعصا وتقلي يا بهيم نخاف منها منعني امان سخفني و حمملي قلبي كلمت امو قلتلها امشي للمعلمه وكلمها يا خي هبططت راسها قاتلي مشيتلها اما باقي عبددتو الله غالب,Maghreb,SFX,Tunisia,Sfax,Maghreb,Tunisia,Tunis,4.167064348024705e-08,4.377266738847016e-06,1.6950595573380514e-09,4.400090496307359e-08,5.720848354643705e-08,1.4595690866457085e-07,1.2911046669221178e-07,4.8019258345504254e-08,5.155977729469048e-06,1.1582776533895342e-07,9.052785242234809e-08,3.293527446958866e-08,1.3609096926348055e-07,1.812321360343893e-07,8.707370184306455e-08,4.76544478639557e-08,5.109778955218911e-07,2.264055991807748e-09,3.4949450472563985e-08,6.504281854599971e-07,9.741414608490572e-08,3.0795954358812446e-07,9.552871661608852e-07,0.9959226676946936,0.00019446664058797765,0.0038696141359342924
51,حيطنا قصير و ما عندي حد و ولات تبكي قلتلها أختي شببك قاتلي راجلي هارب عليا عندو 3سنين وأنا ما عنديش حد بش ياقفلي و ياخولي حقي,TUN,حيطنا قصير و ما عندي حد و ولات تبكي قلتلها اختي شببك قاتلي راجلي هارب عليا عندو 3سنين وانا ما عنديش حد بش ياقفلي و ياخولي حقي,Maghreb,TUN,Tunisia,Tunis,Maghreb,Tunisia,Tunis,7.712960741027743e-08,9.34594240921949e-06,2.205919239361072e-09,1.8496073388624294e-07,3.663715372999567e-08,1.0636118540643603e-07,1.275201583543611e-07,8.027412381320522e-07,0.00035357510223198147,4.5433973296532344e-07,2.8283757005048876e-07,5.449001913403704e-07,6.83869458831811e-08,7.238827482131267e-07,1.052479361518178e-06,5.436154961660699e-07,1.0073922229101359e-07,4.700674293617302e-10,1.587255758244959e-07,2.418762582896995e-07,7.767577568920914e-07,1.3827155055305636e-06,1.4674253751782161e-06,0.02034719281428847,0.1338729816165349,0.8454077678167317
52,ورغم إنو لمرا هي و ولدها كانت باينا عليهم ملامح الخصاصة والفقر إلا إنها ما شكاتش مالفقر قتلي نحب شكون ياقف لولدي ويكلم المعلمة نحب ولدي يتعلم,TUN,ورغم انو لمرا هي و ولدها كانت باينا عليهم ملامح الخصاصه والفقر الا انها ما شكاتش مالفقر قتلي نحب شكون ياقف لولدي ويكلم المعلمه نحب ولدي يتعلم,Maghreb,TUN,Tunisia,Tunis,Maghreb,Tunisia,Tunis,7.658928084363412e-09,7.338889779719646e-07,3.3806580752123997e-10,1.0610420193563412e-08,4.498468407851502e-09,1.9640130448523888e-08,2.6561287451879776e-08,7.2326153046635714e-09,2.4155366451066155e-06,1.1528116040802796e-08,2.9142819638543573e-08,5.75103581065846e-08,6.145950109867242e-09,8.336619259212152e-08,1.6066451171582462e-07,3.07491253963111e-08,9.206501460804199e-08,3.2947395074078984e-10,2.158690002746312e-07,3.6015039514230014e-08,6.598238983454199e-07,1.751327718870446e-06,1.0379406971114567e-07,0.09366363066409822,4.993743265525481e-06,0.9063249112958086
53,هكاكة و جاو زوز نساء أخرين يشكيو مالمعلمة أو الغولة اللي مخوفا صغيرات السنة الأولي اللي مازالو كي حطو ساقيهم في بداية مسيرتهم التعليمية قلتلهم إشكيو قالولي كلمنا المدير أما حكاية فارغة و هذا الكلو يرجع لغياب إطارات الدولة وتهميش أهم قطاع,TUN,هكاكه و جاو زوز نساء اخرين يشكيو مالمعلمه او الغوله اللي مخوفا صغيرات السنه الاولي اللي مازالو كي حطو ساقيهم في بدايه مسيرتهم التعليميه قلتلهم اشكيو قالولي كلمنا المدير اما حكايه فارغه و هذا الكلو يرجع لغياب اطارات الدوله وتهميش اهم قطاع,Maghreb,SFX,Tunisia,Sfax,Maghreb,Tunisia,Tunis,4.86366557700545e-10,1.7633220490133107e-06,1.145017418116604e-10,2.600653001019953e-09,5.616978119164909e-09,4.9250405802851485e-08,3.468248057484714e-08,3.607840623595514e-09,1.3429856316458626e-07,3.6687609002485726e-08,2.1411639735112466e-09,5.3725667307964335e-08,1.5243436201509802e-09,1.215157234523716e-07,7.89145619655369e-09,1.2315666971624796e-08,1.992683693865233e-07,1.0636215764552611e-10,3.4730451510283977e-08,6.151187908072228e-09,1.3512262089640611e-05,1.165733405550191e-07,2.686796482028196e-06,0.8421789046465877,1.0791309399360231e-05,0.15779151837426064
54,يقوم عليه مستقبل الأجيال القادمة و مستقبل الدولة أنا نطلب من كل أعضاء الڨروب أي حد عندو سلطة أو معارف في قطاع التعليم إنو يوصل صوت هالصغيرات على فكرة المكتب هذا هو مكتب سيدي العلوي باب سعدون و الله لا يضيع أجر المحسنين و حسبي الله و نعم الوكيل.,TUN,يقوم عليه مستقبل الاجيال القادمه و مستقبل الدوله انا نطلب من كل اعضاء الڨروب اي حد عندو سلطه او معارف في قطاع التعليم انو يوصل صوت هالصغيرات علي فكره المكتب هذا هو مكتب سيدي العلوي باب سعدون و الله لا يضيع اجر المحسنين و حسبي الله و نعم الوكيل,Gulf,RIY,Saudi Arabia,Riyadh,Maghreb,Tunisia,Tunis,2.792849945538518e-06,4.994656419786086e-05,2.1493643305964443e-07,1.2112182834029333e-05,9.349416275388613e-06,0.00015109130431831922,0.00015991614495786962,3.5656750463586337e-06,0.004871471796908496,3.786576439520454e-05,7.521746993748897e-06,0.0021734875618036006,1.016334487602052e-06,0.00037016163667086906,3.451337517997187e-05,0.0005291316078409379,0.0009521538658022747,1.3298173142195614e-06,0.0008602741261346133,7.823557111984006e-07,0.8688022629813394,0.00456460502513729,0.03261105274749384,0.008255252287963106,0.07520520415101017,0.00033292374380495924
55,الكلنا راكبين في نفس الأسونسور غير أحنا مازال ماطاحش بينا شفتوها الدنيا قداش قصيرة زيدو أكرهو بعضكم و أحقدو على بعضكم الله يرحمكم و يصبر أهلهم هم السابقون و نحن اللحقون,TUN,الكلنا راكبين في نفس الاسونسور غير احنا مازال ماطاحش بينا شفتوها الدنيا قداش قصيره زيدو اكرهو بعضكم و احقدو علي بعضكم الله يرحمكم و يصبر اهلهم هم السابقون و نحن اللحقون,Maghreb,SFX,Tunisia,Sfax,Maghreb,Tunisia,Tunis,6.11694088205049e-10,3.39602041262902e-06,5.7136702755707204e-11,1.2699239398514988e-09,1.120115547862928e-09,1.510902310120279e-08,1.1076277898073745e-08,1.476667511867667e-09,1.086312586094082e-06,7.464652769815206e-09,1.0800504817422025e-09,1.0972071866457573e-07,7.219588433164022e-10,4.1924955457354026e-08,1.5598749360179763e-08,4.5618592503890576e-07,3.0576213114535845e-09,1.904691551179368e-10,4.5855254268745427e-08,1.905221996112741e-08,2.536467430114299e-07,8.262066349883635e-08,8.573034794671071e-08,0.9984090131709292,0.0008773828039552139,0.0007079681209482955
56,يعني جبت التايهة فكل من يهمهم الموضوع عارفين كل ده وامريكا بطور لقاح والمانيا كذلك وفرنسا واليابان ودول اخري واحنا ماشين بالتعاون مع الصين في موضوع كورونا لأسباب كلنا نعرفها,CAI,يعني جبت التايهه فكل من يهمهم الموضوع عارفين كل ده وامريكا بطور لقاح والمانيا كذلك وفرنسا واليابان ودول اخري واحنا ماشين بالتعاون مع الصين في موضوع كورونا لاسباب كلنا نعرفها,Nile Basin,CAI,Egypt,Cairo,Nile Basin,Egypt,Cairo,2.5583403419836744e-06,2.0799744090175804e-06,3.444092940691402e-05,1.7513836446252515e-05,0.024078569323139218,7.916860850667439e-07,1.0683514406711699e-06,1.8710742447060277e-06,2.3410974452207647e-05,0.975186025068276,1.0294884263343826e-05,0.0001187467436436183,1.5130583003811022e-07,0.00028206705367309916,2.393210228169075e-05,7.493628318270167e-05,2.0203481297023627e-07,6.921323103415219e-08,9.445808075276008e-06,8.574060365410006e-08,2.9134418776506e-05,9.917751752787797e-06,1.651131662110437e-05,4.633628844113652e-06,7.101669275949884e-05,5.254634065076506e-07
57,يعني ماذا تريد ان تقول لنا من خلال تلاعباتك الإسلوبية ومرادفاتك الكلامية الي بتوهنا فيها شيء سخيف ومقر,CAI,يعني ماذا تريد ان تقول لنا من خلال تلاعباتك الاسلوبيه ومرادفاتك الكلاميه الي بتوهنا فيها شيء سخيف ومقر,Gulf,MSA,Modern Standard Arabic,Modern Standard Arabic,Nile Basin,Egypt,Cairo,2.1888315108904856e-06,1.562698828573917e-05,8.29813993100767e-07,1.2360682260113682e-05,3.071932030252809e-06,0.0006387429623905921,0.0002820417347727173,7.227175685553116e-07,0.0002814630146673462,2.351098965194036e-05,9.961197003117373e-06,0.02095199972677171,2.006960940133685e-06,0.0057650018643072174,4.886377222601571e-06,0.0008399036687536003,3.9478295101875984e-05,0.395835290969665,0.38636537063413834,3.644680677965785e-07,0.18762737188608952,6.352053448603363e-05,0.0009523630224795263,6.4240285859353154e-06,0.0002746742967922448,8.224024641045453e-07
58,جاد و بيان اتخانقوا على الطريق بعد ما حاول يقنعها انها تسيب غمار و ترجع عن قرار انهم يسيبوا بعض تفتكروا ايه اللى هيحصل,CAI,جاد و بيان اتخانقوا علي الطريق بعد ما حاول يقنعها انها تسيب غمار و ترجع عن قرار انهم يسيبوا بعض تفتكروا ايه اللي هيحصل,Nile Basin,CAI,Egypt,Cairo,Nile Basin,Egypt,Cairo,1.3001131583885779e-05,4.129591741025121e-06,9.858403666754718e-05,0.0008920099527170557,0.00385166991323876,9.517088450944083e-06,2.3870016334183257e-05,3.113339113352526e-05,0.00014698405752299232,0.9660585848959888,9.286479480330332e-05,3.890103301522024e-05,1.8012603110018564e-07,0.0010490940599834284,0.0007448136652806734,0.0008830426521338934,1.3433509463350311e-05,1.4767733097063878e-06,0.00034376215183742946,3.003807610858505e-07,0.004604242339693616,0.016276934036666472,0.0007824857290604099,1.0391749937711024e-05,0.004027894127350656,6.987952933476296e-07
59,أنا بحبك أوي يا مي من الإسكندرية منطقه العجمى الهانوفيل,CAI,انا بحبك اوي يا مي من الاسكندريه منطقه العجمي الهانوفيل,Levant,BEI,Lebanon,Beirut,Nile Basin,Egypt,Cairo,0.0013017796902987338,2.924213571369771e-06,0.00019953491263882784,0.01153944877352719,0.029159735526695995,0.00025303711001861424,0.006775230617116971,0.43004240051979536,0.06332108397305627,0.0189563996778531,0.008920337185854237,0.10343904938360342,7.510521458873703e-07,0.028715317688923294,0.02003104500260737,0.015709847402287713,0.0010776818789369562,3.136677232951059e-07,0.003510349295953282,1.9007314232256883e-07,0.03232878773904777,0.0962927270743035,0.12652382004142737,2.6987618521956842e-05,0.0018663948514696335,4.8250294794692125e-06
60,مى وأمل صاحبتها وهما بيطبخوا مع بعض مسخرة أعمل منشن لصاحبك اللى لما بتخش معاه المطبخ بيحصل كدة,CAI,مي وامل صاحبتها وهما بيطبخوا مع بعض مسخره اعمل منشن لصاحبك اللي لما بتخش معاه المطبخ بيحصل كده,Nile Basin,ASW,Egypt,Aswan,Nile Basin,Egypt,Cairo,4.133930247234999e-07,1.4583174471151244e-08,3.858288326284597e-05,5.954832085223387e-05,0.9969877316807009,7.553172273359466e-08,7.974042880613259e-08,1.4236307347345759e-06,2.9988257411909666e-06,0.002798251841296389,1.6626922354506553e-06,5.52923656104184e-06,4.357482589455302e-09,1.970117161671838e-05,2.26120985997326e-05,7.76216695351424e-06,1.9934449263793826e-07,2.3975780339074263e-09,4.908817630876896e-07,7.096151337502362e-09,1.7375418395405564e-06,2.6463114954478442e-05,2.170064706292378e-05,5.09848231035769e-08,2.9422175068792174e-06,1.36194400609208e-08
61,المهم ماتتكررش كتير عشان الصحة والكوليسترول والرشاقة و في البادية طبيعة حياتهم مختلفة من حيث المجهود البدني والبرودة عايشين في خيم فطبيعة جسمهم خلقة ربنا بتحرق كتير,CAI,المهم ماتتكررش كتير عشان الصحه والكوليسترول والرشاقه و في الباديه طبيعه حياتهم مختلفه من حيث المجهود البدني والبروده عايشين في خيم فطبيعه جسمهم خلقه ربنا بتحرق كتير,Nile Basin,CAI,Egypt,Cairo,Nile Basin,Egypt,Cairo,3.034577757674902e-05,1.5870249125648917e-06,9.659358164130888e-05,0.0015372401240971727,0.002019208564833628,5.768341339831745e-07,7.517749047209005e-07,3.117860432251225e-05,0.0001299553717217573,0.9483216062133052,0.00012553489720281948,8.507252121670727e-06,1.4447236112741018e-07,0.00021263492084022716,0.04577877424722704,0.0005222562205321439,5.535174917803759e-07,9.226703400230707e-08,1.0525766736728743e-05,1.2323561024201036e-07,1.79752775023202e-05,8.784236699425472e-05,0.00016516304140194103,2.124804155988564e-06,0.0008982749688190485,4.288725192243605e-07
62,ده الا يفوته الحلقه كسبان هو في حد بيسمع ابو حمالات دلوقتي هي ناقصه تعري,CAI,ده الا يفوته الحلقه كسبان هو في حد بيسمع ابو حمالات دلوقتي هي ناقصه تعري,Nile Basin,CAI,Egypt,Cairo,Nile Basin,Egypt,Cairo,1.3633748228691963e-08,4.7619663487005695e-09,2.1758820082340404e-06,1.389834142123988e-07,0.0021547970097879074,4.121269488572162e-09,9.048734472103132e-09,3.901861069651547e-09,6.629664306856795e-07,0.9978370863937392,3.16549524314216e-08,1.6834480392284927e-08,2.4167118959320753e-09,1.782910114334834e-07,6.194338012131415e-08,1.379538027637158e-07,1.3073457700612555e-08,1.1217063739212844e-09,2.081166764449477e-08,7.565097442853737e-10,5.3301478546832264e-08,3.144246043420706e-08,1.6523140582864212e-06,5.814109175580519e-09,2.8936277058095477e-06,1.9395474059564494e-09
63,الف تحيه لاهل الاردن وشكرا يا مي اللي بتذاكر ينه يا احلى اكلات بلادنا الحبيبه تسلم الايادي انا فلسطينيه كنت عايشه بالاردن,CAI,الف تحيه لاهل الاردن وشكرا يا مي اللي بتذاكر ينه يا احلي اكلات بلادنا الحبيبه تسلم الايادي انا فلسطينيه كنت عايشه بالاردن,Nile Basin,CAI,Egypt,Cairo,Nile Basin,Egypt,Cairo,1.2142948786190596e-05,2.9479618738450436e-07,9.787651562206835e-05,0.0005979345447616143,0.32230345195350857,3.852250552846158e-05,0.00013029632181423632,9.957959052066588e-05,0.0006386811180354398,0.5182170348826192,0.00012730732750525697,0.0009342912887644382,3.973669583199686e-07,0.007146162743761603,0.0003161998660274635,0.0001235593167369402,6.676061884345817e-05,5.0909769471999336e-08,0.00010386668799232756,1.1115497140020065e-07,0.00216972337376971,0.12297409292705758,0.02317765371306267,5.158923836878262e-06,0.0007183354069553871,5.131966031466984e-07
64,ما شاء الله يا دكتور ربنا يحفظك ويبارك فى عمرك ويارب دائما فى تقدم ورقى,CAI,ما شاء الله يا دكتور ربنا يحفظك ويبارك في عمرك ويارب دائما في تقدم ورقي,Gulf,DOH,Qatar,Doha,Nile Basin,Egypt,Cairo,4.501698952042246e-05,5.661238802593091e-06,1.8468314615234716e-06,0.0003196306934655489,2.0655740369162114e-05,0.000267464787350286,0.00024288917826252124,1.7191227159638788e-05,0.0013282339285424292,4.800532810854367e-05,0.0003419982623784138,0.8277887813755082,2.9338393555854085e-06,0.005602350544068761,0.00016807655121520854,0.1523420330337455,2.5885678043857186e-05,1.2090817216641784e-05,0.0007883029417739593,6.838302609334669e-07,0.007917259816501132,0.00040574454871984813,0.0011820123868715154,2.9835522514731818e-05,0.0010933233401047454,2.091568678678992e-06
65,مييويى الفلاحين فى مصر زمان موش عارفة دلوقتى ايه كان لازم الارز المصرى اكيد بالشعرية أو إذا مافيش شعرية لازم يحمروا شوية ارز ويبقى لونهم زى الشعرية,CAI,مييويي الفلاحين في مصر زمان موش عارفه دلوقتي ايه كان لازم الارز المصري اكيد بالشعريه او اذا مافيش شعريه لازم يحمروا شويه ارز ويبقي لونهم زي الشعريه,Nile Basin,CAI,Egypt,Cairo,Nile Basin,Egypt,Cairo,1.305815582107023e-07,5.228376187055279e-07,1.5764817960664327e-06,2.125940461750581e-06,0.001084380463285117,1.342195201496447e-06,1.7383683702984366e-06,6.300665353747794e-07,1.1744984641034712e-05,0.9644798268173378,5.302994264257759e-07,7.038022702978233e-06,4.324666330421763e-09,7.748466315870725e-05,1.6008344548834865e-06,3.689979384655549e-06,3.494058658568446e-06,5.857002493058818e-10,1.792305363699718e-06,9.371094520261592e-10,2.939654666154401e-05,2.187661708728973e-05,0.0001230175500580989,2.099851618510891e-06,0.034143887745235225,6.694190743985064e-08
