,sentence,label,allpredict sentence,predict_region,predict_label,predict_country,predict_city,region,country,city,Morocco,Palestine,Qatar,Sudan,Lebanon,Libya,Jordan,Egypt,Tunisia,Yemen,Algeria,Iraq,Syria,Oman,Modern Standard Arabic,Saudi Arabia,Nile Basin,Gulf,Gulf of Aden,Maghreb,Levant,Modern Standard Arabic,Aleppo,Algiers,Alexandria,Amman,Aswan,Baghdad,Basra,Beirut,Benghazi,Cairo,Damascus,Doha,Fes,Jeddha,Jerusalem,Khartoum,Mosul,Modern Standard Arabic,Muscat,Rabat,Riyadh,Salt,Sana'a,Sfax,Tripoli,Tunis
0,ياربي تسهل على كل شاب طموح مجتهد و تحققلوا كل ما يتمناه,RAB,ياربي تسهل على كل شاب طموح مجتهد و تحققلوا كل ما يتمناه,Gulf,RIY,Saudi Arabia,Riyadh,Maghreb,Morocco,Rabat,1.1783162479862953e-06,0.0007939397088035129,0.000250391153117941,0.0005663133372086043,8.462673482213425e-06,0.011602724545278562,0.0023961901934254895,1.1164300071682707e-05,0.00021152177068327498,5.5772120995576535e-05,4.3518618202371204e-05,6.226846541964592e-05,9.436000920398131e-05,0.002759705142050752,3.8014823757841705e-06,0.9811386881634325,0.000577477637280287,0.9842110529240209,5.5772120995576535e-05,0.011858943250412195,0.003292952584915197,3.8014823757841705e-06,1.1545021555883938e-05,4.3518618202371204e-05,5.849325973449482e-07,0.0001407297732986851,2.1799206968985696e-06,1.3592491269892135e-05,2.915612093791825e-05,8.462673482213425e-06,0.011382897173501737,8.39944677743919e-06,8.281498764809738e-05,0.000250391153117941,2.4673769316388435e-07,0.0006119156229371054,0.0007939397088035129,0.0005663133372086043,1.9519853211835538e-05,3.8014823757841705e-06,0.002759705142050752,9.31578554822411e-07,0.9805267725404955,0.0022554604201268044,5.5772120995576535e-05,0.00020036666174644022,0.00021982737177682584,1.1155108936834758e-05
1,الله يرحم ليكم الوالدين أنا ختكم أرملة بغيت شي مردي الولدين لي يعوني في سبيل الله بي حليب والكوش او شي حوايج واخة اكونو قدام,RAB,الله يرحم ليكم الوالدين انا ختكم ارملة بغيت شي مردي الولدين لي يعوني في سبيل الله بي حليب والكوش او شي حوايج واخة اكونو قدام,Gulf,DOH,Qatar,Doha,Maghreb,Morocco,Rabat,0.05909717627335311,6.87907132928298e-07,0.9378527970581508,7.224393253644904e-06,7.311806718892761e-07,6.5123858315305e-05,1.235773118742152e-05,1.3360376228173445e-06,0.0027630017471067334,2.9492135867480178e-05,9.386617668820967e-06,2.8689829645167595e-05,2.7122132262026755e-06,1.8291081243030246e-05,1.4098653285679816e-08,0.00011097783690124647,8.560430876462249e-06,0.9380107558059404,2.9492135867480178e-05,0.06193468849644398,1.648903221844177e-05,1.4098653285679816e-08,6.288330064149571e-07,9.386617668820967e-06,7.92643053898643e-09,5.554731887562132e-07,5.995725336462917e-07,6.436634977339366e-06,2.0508688698051923e-05,7.311806718892761e-07,2.7313224307689892e-05,7.285386586320664e-07,2.0833802197877184e-06,0.9378527970581508,0.05275485749768908,7.0943169599782e-05,6.87907132928298e-07,7.224393253644904e-06,1.7445059697763041e-06,1.4098653285679816e-08,1.8291081243030246e-05,0.006342318775664032,4.0034667301464475e-05,1.1802257998665307e-05,2.9492135867480178e-05,0.002748222720580018,3.7810634007615104e-05,1.4779026526715195e-05
2,أو مواد غذائية الله يتبت أجركم الله يرحمنا ويرحمكم دنية وآخرة أنا ساكنه في مراكش,RAB,او مواد غذائية الله يتبت اجركم الله يرحمنا ويرحمكم دنية واخرة انا ساكنه في مراكش,Gulf,DOH,Qatar,Doha,Maghreb,Morocco,Rabat,2.1718813968929796e-06,3.156999962247513e-05,0.876384724381258,0.00015347195005857662,1.9245662534239206e-06,0.0014492471463558956,0.0005163047651675046,5.398086254152721e-05,0.0005073467018156023,0.0009735614932402144,2.9280267461128807e-06,0.00044594753150727773,2.8322574055460693e-05,0.0964607142407763,5.799924055190232e-07,0.022987203886799232,0.00020745281260010383,0.9962785900403408,0.0009735614932402144,0.001961693756314504,0.0005781219050988644,5.799924055190232e-07,2.8635824745349108e-06,2.9280267461128807e-06,2.544810241291244e-07,3.445595729381427e-05,2.921445682901559e-05,0.00010492910793057158,0.0003318029528558502,1.9245662534239206e-06,0.0008394163810756264,2.45119246883825e-05,2.5458991580925783e-05,0.876384724381258,1.7811902245224108e-06,0.0060015430940682435,3.156999962247513e-05,0.00015347195005857662,9.215470720855965e-06,5.799924055190232e-07,0.0964607142407763,3.906911723705686e-07,0.016985660792730988,0.00048184880787369036,0.0009735614932402144,0.0005060838317838738,0.0006098307652802692,1.262870031728462e-06
3,سير الله يسهل عليك ما صعاب و يعطيك ما تمنيت فهاد الليلة,RAB,سير الله يسهل عليك ما صعاب و يعطيك ما تمنيت فهاد الليلة,Maghreb,RAB,Morocco,Rabat,Maghreb,Morocco,Rabat,0.921371775846619,5.1137150355747914e-05,0.00011215059505237967,4.2499121548824595e-05,1.4412210267987934e-05,0.0011295451864482722,0.000260814139710976,4.346746425490067e-06,0.07653024792494754,7.844040974251352e-06,0.00021667093372289132,2.309782330050295e-05,5.039557100810213e-05,3.465936367491888e-05,2.6307371617035253e-07,0.0001501402722269493,4.6845867974314665e-05,0.00032004805425475083,7.844040974251352e-06,0.9992482398917376,0.000376759071342814,2.6307371617035253e-07,9.349574119911817e-06,0.00021667093372289132,1.835535763115301e-07,4.1157247449951574e-05,3.4445552056671666e-07,9.481794330923484e-06,1.1889707889252346e-05,1.4412210267987934e-05,0.00027127580830274924,3.818737328611821e-06,4.1045996888190314e-05,0.00011215059505237967,0.0024404599295492924,5.849930010685171e-05,5.1137150355747914e-05,4.2499121548824595e-05,1.7263210803271206e-06,2.6307371617035253e-07,3.465936367491888e-05,0.9189313159170697,9.164097212009759e-05,0.00021965689226102444,7.844040974251352e-06,0.02411297242660113,0.0008582693781455231,0.05241727549834642
4,بغيت غير شي واحد يكون فايق يسمع هاد الدعيوة,RAB,بغيت غير شي واحد يكون فايق يسمع هاد الدعيوة,Maghreb,RAB,Morocco,Rabat,Maghreb,Morocco,Rabat,0.9999999071745534,7.74650118175819e-11,4.293002816130675e-08,4.113216883198169e-10,2.6935902754394966e-10,2.8459162760798012e-09,4.569903138453107e-09,1.580593142145713e-10,5.511872233256987e-10,2.595738021828466e-10,2.2142709131810465e-08,8.572160288820212e-10,1.659549688009442e-08,5.584507746112728e-10,1.3213762164709342e-11,5.855464335136012e-10,5.693810025343882e-10,4.4931241398313645e-08,2.595738021828466e-10,0.999999932714366,2.1512224057909058e-08,1.3213762164709342e-11,1.2144696158193334e-08,2.2142709131810465e-08,3.2271702772810505e-11,2.6050000133153476e-09,4.414733200945714e-11,3.7437550848747777e-10,4.0038514888310336e-10,2.6935902754394966e-10,8.940521985702983e-10,8.164027943230365e-11,4.450800721901085e-09,4.293002816130675e-08,0.0019225768567045758,3.231613526512513e-10,7.74650118175819e-11,4.113216883198169e-10,8.245537151143998e-11,1.3213762164709342e-11,5.584507746112728e-10,0.9980773303178488,2.623850808623499e-10,1.9649031251377598e-09,2.595738021828466e-10,1.327282821021325e-10,1.951864077509503e-09,4.1845894122356624e-10
5,مازالت العنصرية على أصحاب البشرة السوداء,RAB,مازالت العنصرية على اصحاب البشرة السوداء,Maghreb,RAB,Morocco,Rabat,Maghreb,Morocco,Rabat,0.8861917218166903,0.004461043356642082,0.0034869873284576573,0.0005754362917023983,0.00011677429560922023,0.004195177284994161,0.015364980621529703,0.00044861606480442093,0.0024790163589805897,0.00021822182193582517,0.04285235350597192,0.002049999247111546,0.0041025263099892005,0.004140347577175348,1.664002952932421e-05,0.029300158088876357,0.0010240523565068192,0.03897749224162091,0.00021822182193582517,0.935718268966637,0.024045324583770206,1.664002952932421e-05,0.00032212661521637437,0.04285235350597192,0.00011393100192419234,0.004054190515511738,0.00015895207115046876,0.0009105259357544063,0.001107155262374604,0.00011677429560922023,0.0040771880671544745,0.00017573299172975984,0.003780399694772826,0.0034869873284576573,0.06991853080262592,0.014064758455176426,0.004461043356642082,0.0005754362917023983,3.2318048982535324e-05,1.664002952932421e-05,0.004140347577175348,0.8162731910140644,0.015235399633699933,0.011310790106017965,0.00021822182193582517,0.001786518344635389,0.00011798921783968643,0.0006924980143452009
6,شحال من واحد دابا متكي على الوسادة ديالو مهموم كيخمم فالمستقبل,RAB,شحال من واحد دابا متكي على الوسادة ديالو مهموم كيخمم فالمستقبل,Maghreb,FES,Morocco,Fes,Maghreb,Morocco,Rabat,0.9999224541161182,2.0292736733948705e-10,5.410649547744565e-10,1.2472066695540679e-09,1.5783476469013103e-11,1.9362115564147595e-09,1.0972442281937205e-09,5.846215988068632e-10,7.153713795361319e-10,7.8983065684947e-11,7.753523195543069e-05,2.540897506707052e-10,3.183223352822271e-10,1.150776388213906e-09,4.0315252534616907e-11,2.4690084394904733e-09,1.831828268360931e-09,4.414939533149541e-09,7.8983065684947e-11,0.9999999919996567,1.6342774072844476e-09,4.0315252534616907e-11,5.337592050585714e-11,7.753523195543069e-05,1.4963937274816756e-10,4.296322136012217e-10,1.8445549434828698e-10,1.3220459631681238e-10,1.1195583058611209e-10,1.5783476469013103e-11,1.6219531793645754e-09,2.5052673171040863e-10,2.6494641477636997e-10,5.410649547744565e-10,0.7495210823638557,2.160562525926115e-09,2.0292736733948705e-10,1.2472066695540679e-09,9.929323767780728e-12,4.0315252534616907e-11,1.150776388213906e-09,0.25040137175226257,3.0844591356435847e-10,6.676120145924988e-10,7.8983065684947e-11,4.1433637262658723e-10,3.1425837705018427e-10,3.0103500690954474e-10
7,معالم بيه غير الله سير الله يسرلك طريقك و يسهل أمورك,RAB,معالم بيه غير الله سير الله يسرلك طريقك و يسهل امورك,Maghreb,TRI,Libya,Tripoli,Maghreb,Morocco,Rabat,1.849082482224323e-05,6.497825233442252e-06,0.00017090872999618584,3.902626914439951e-05,7.855728052837087e-07,0.9980233991612438,4.516510100765681e-05,1.3045907245379083e-05,0.0006410124005907051,8.063702915594642e-05,3.6212012802655046e-05,5.865093797154122e-05,7.572449773228895e-06,2.626579429910934e-05,3.219948619322697e-08,0.0008322977844220816,5.2072176389778596e-05,0.001088123246688918,8.063702915594642e-05,0.9987191143994595,6.002094881961166e-05,3.219948619322697e-08,1.3898403551354562e-06,3.6212012802655046e-05,3.4781395623568956e-07,3.248851015672681e-06,2.381962797577697e-06,3.91582802283652e-05,1.787804387285813e-05,7.855728052837087e-07,0.0031639428026538504,1.0316130491565696e-05,6.182609418093439e-06,0.00017090872999618584,8.927845906320655e-07,8.779906699636943e-05,6.497825233442252e-06,3.902626914439951e-05,1.614613870317888e-06,3.219948619322697e-08,2.626579429910934e-05,1.7598040231611164e-05,0.0007444987174257122,4.191624999198413e-05,8.063702915594642e-05,0.0006370669488207615,0.99485945635859,3.945451769943646e-06
8,لي باقي سهران يشرفنا بالحي ديالو ولي خارج الرباط يكتب المدينة ديالو مرحبا بكم فالصفحة,RAB,لي باقي سهران يشرفنا بالحي ديالو ولي خارج الرباط يكتب المدينة ديالو مرحبا بكم فالصفحة,Maghreb,RAB,Morocco,Rabat,Maghreb,Morocco,Rabat,0.9998558587152413,3.4980095100412004e-08,7.532155443982046e-06,2.1729651322246727e-07,8.682836204427689e-09,2.3672896586192146e-07,1.8450486275459407e-07,1.1066742371552817e-08,2.920497023777396e-08,2.3314874092337531e-07,0.00012794076677811824,3.5247409407018316e-08,1.377336471555748e-07,2.1428168986033973e-07,1.539157701316281e-09,7.323946905924976e-06,2.283632555940201e-07,1.510563144917438e-05,2.3314874092337531e-07,0.9999840654159554,3.659014412150086e-07,1.539157701316281e-09,4.228564951106134e-08,0.00012794076677811824,5.530702031647066e-10,5.418703504436574e-08,3.040034290013402e-09,1.2470398636501351e-08,2.164695295203657e-08,8.682836204427689e-09,1.9955729431328077e-07,7.473637878374708e-09,9.544799764451347e-08,7.532155443982046e-06,0.08111031984885039,6.459480054917544e-06,3.4980095100412004e-08,2.1729651322246727e-07,1.1300578184803947e-09,1.539157701316281e-09,2.1428168986033973e-07,0.9187455388663909,8.644668510074322e-07,1.3031782771022834e-07,2.3314874092337531e-07,1.545371419251798e-08,3.717167154864069e-08,1.3751256045255978e-08
9,الي هبطتي مع هاد الشارع للي فصورة حتى الاخير خاص واحد القنطرة تما باش تخفف على شارع الجيش الملكي,RAB,الي هبطتي مع هاد الشارع للي فصورة حتى الاخير خاص واحد القنطرة تما باش تخفف على شارع الجيش الملكي,Maghreb,FES,Morocco,Fes,Maghreb,Morocco,Rabat,0.9999925778598956,1.256789183561442e-08,5.56030938505056e-08,1.4804722528986506e-08,1.2557867311216143e-09,5.251858349487848e-07,2.478724381599819e-06,9.642196929933873e-09,1.8060804432400668e-06,2.0195501038354467e-08,2.1295464901149186e-06,4.443313035937451e-08,7.019371041418235e-08,1.1897198066171209e-07,7.852520170136024e-10,1.341496878970013e-07,2.4446919458920377e-08,3.5315789276859346e-07,2.0195501038354467e-08,0.9999970386726639,2.5627417705807374e-06,7.852520170136024e-10,2.230932796584122e-08,2.1295464901149186e-06,1.2311562320405473e-09,1.5680464911965693e-07,3.945383181004724e-09,1.62989387342767e-08,2.3199937656105797e-08,1.2557867311216143e-09,2.762280297968964e-07,4.465657516888601e-09,4.788438244834113e-08,5.56030938505056e-08,0.7980530076901631,1.12646295292201e-07,1.256789183561442e-08,1.4804722528986506e-08,4.934253968992015e-09,7.852520170136024e-10,1.1897198066171209e-07,0.20193957016973252,2.1503392604800305e-08,2.321919732480162e-06,2.0195501038354467e-08,1.1686097973613148e-06,2.489578051518884e-07,6.374706458787519e-07
10,فالوقت لي الرسول صلى الله عليه وسلم أوصى بالرفق بالحيوان .. ناض هدا لي فالصورة قام بتعذيب قط هزو وبقا كيدورو بيدو وسيبو فالسماء معرفتش أصلا أش عملو ؟ واش حنا مراض لهاد الدراجة ؟ مابغيتش نبوسطيه باش مانمرطكومشي,RAB,فالوقت لي الرسول صلى الله عليه وسلم اوصى بالرفق بالحيوان  ناض هدا لي فالصورة قام بتعذيب قط هزو وبقا كيدورو بيدو وسيبو فالسماء معرفتش اصلا اش عملو  واش حنا مراض لهاد الدراجة  مابغيتش نبوسطيه باش مانمرطكومشي,Maghreb,RAB,Morocco,Rabat,Maghreb,Morocco,Rabat,0.9997044782376195,3.5037104843857304e-09,7.49378198112974e-08,1.0873510803484088e-08,6.671726513826487e-10,6.1681825371406305e-06,1.0908248758914765e-08,3.1878952048528687e-09,1.4782737457356823e-07,1.4874724947881251e-08,0.00028902573132547874,5.286902740876268e-09,6.183188219786313e-09,8.972206020090287e-09,1.683286940208848e-10,4.0457435045249604e-08,1.4061406008336956e-08,1.2965436361751357e-07,1.4874724947881251e-08,0.9999998199788568,2.1262320114469457e-08,1.683286940208848e-10,3.794622870020022e-09,0.00028902573132547874,2.66640540767981e-10,2.8414536176765675e-09,1.6539250224642122e-09,2.5833512184779863e-09,1.2861499967072543e-09,6.671726513826487e-10,4.251271779317762e-08,1.2673296416206756e-09,2.3885653497662904e-09,7.49378198112974e-08,0.0055899112703189134,2.706107728035661e-08,3.5037104843857304e-09,1.0873510803484088e-08,1.4174015256910283e-09,1.683286940208848e-10,8.972206020090287e-09,0.9941145669673006,1.3396357764892997e-08,8.066795141238197e-09,1.4874724947881251e-08,1.2845202886358422e-07,6.125669819347453e-06,1.9375345709983996e-08
11,نعم شفتو هدو اصلان معندهمش تربيا مقدا معرفنش اش خصهم يدرو وشنو لمخصهمش يدرو تيضحكو معرستهم بحلي شيء عدي ولكن غيجبها غ فرسو يمهل ولا يهمل,RAB,نعم شفتو هدو اصلان معندهمش تربيا مقدا معرفنش اش خصهم يدرو وشنو لمخصهمش يدرو تيضحكو معرستهم بحلي شيء عدي ولكن غيجبها غ فرسو يمهل ولا يهمل,Maghreb,FES,Morocco,Fes,Maghreb,Morocco,Rabat,0.9976866923744389,1.7398459420565113e-05,1.5269734563549177e-05,2.1016805243770277e-05,1.159696481142559e-06,0.00011522032018645273,4.7792967621620666e-05,1.7204829486041628e-05,1.9211245104074626e-05,4.3921333734525135e-06,3.9509560299660154e-05,1.9886706870926473e-05,0.00024749780997646286,0.00018185606261019233,8.705597910994618e-07,0.0015650207345320613,3.822163472981191e-05,0.0017820332385767295,4.3921333734525135e-06,0.997860633500029,0.00031384893349979123,8.705597910994618e-07,0.00023600745451311526,3.9509560299660154e-05,7.079291574220066e-07,8.698252532241599e-06,1.999577386238728e-06,6.977293919216469e-06,9.165119918291156e-06,1.159696481142559e-06,7.408018196987439e-05,1.4497322942380893e-05,1.1490355463347616e-05,1.5269734563549177e-05,0.9968587250130412,0.0008216632948591558,1.7398459420565113e-05,2.1016805243770277e-05,3.744293033418846e-06,8.705597910994618e-07,0.00018185606261019233,0.0008279673613976272,0.0007433574396729056,3.909471508937907e-05,4.3921333734525135e-06,1.4080443908469525e-05,4.114013821657834e-05,5.1308011956051e-06
12,شنو هما البلايص اللي كيعجبكم التمشاو فيهم فالرباط ليلا,RAB,شنو هما البلايص اللي كيعجبكم التمشاو فيهم فالرباط ليلا,Maghreb,RAB,Morocco,Rabat,Maghreb,Morocco,Rabat,0.9999975520909924,1.638107973057906e-09,1.5042935853814165e-06,1.1223802993163127e-08,1.1009067908054847e-09,9.807053102210788e-08,2.0947132519013845e-08,5.41025118100466e-09,1.0256962016108495e-07,8.764226738657799e-09,5.654897851727565e-07,3.7390367102372535e-08,3.0519452220901123e-09,4.647012178870943e-09,1.0038396189061213e-10,8.321134914913501e-08,1.6634054174167787e-08,1.6295423138117948e-06,8.764226738657799e-09,0.9999983182209287,2.6738092504967348e-08,1.0038396189061213e-10,1.3501677013742849e-09,5.654897851727565e-07,5.064848552014436e-10,1.076204013108199e-08,2.066851696034711e-09,1.1489324824728136e-08,2.472435820257432e-08,1.1009067908054847e-09,6.454507994464232e-08,2.8369146297685057e-09,1.7017775207158274e-09,1.5042935853814165e-06,0.0233534840711593,6.935953758074867e-08,1.638107973057906e-09,1.1223802993163127e-08,1.17668407507008e-09,1.0038396189061213e-10,4.647012178870943e-09,0.9766440680198331,1.3851811568386345e-08,1.0185092387931853e-08,8.764226738657799e-09,8.221799695136362e-08,3.352545107746556e-08,2.0351623209721326e-08
13,الرباط المدينة الي تقدر تبغيها و تعشقها غير من الصور أما الواقع شي حاجة أخرى,RAB,الرباط المدينة الي تقدر تبغيها و تعشقها غير من الصور اما الواقع شي حاجة اخرى,Maghreb,FES,Morocco,Fes,Maghreb,Morocco,Rabat,0.9993979546349154,2.632415425595533e-08,6.241844224145591e-07,1.4387022348169106e-07,7.603041698961971e-09,0.00010618061597545779,6.289555150585011e-07,4.6453696314669665e-08,0.0004430705538052636,8.725730881398873e-08,4.7800860771863377e-05,1.868872964638887e-07,5.955924621148322e-08,1.788644837120646e-06,1.800181909861126e-09,1.3917946081163924e-06,1.9032391979636074e-07,3.991511164115485e-06,8.725730881398873e-08,0.999995006665468,7.224419572249017e-07,1.800181909861126e-09,3.358986186141644e-08,4.7800860771863377e-05,6.073189191894988e-09,1.4838838262720536e-08,1.2468901276327901e-08,8.486942841834446e-08,9.480250357496487e-08,7.603041698961971e-09,5.875436557050847e-05,2.7911605846446776e-08,2.5969384350066782e-08,6.241844224145591e-07,0.6325309611432196,3.774506377143394e-07,2.632415425595533e-08,1.4387022348169106e-07,7.215364470579357e-09,1.800181909861126e-09,1.788644837120646e-06,0.3668669934916958,1.0143439704020529e-06,6.141166767957806e-07,8.725730881398873e-08,0.0004421848799635148,4.742625040494932e-05,8.856738417488026e-07
14,انا ديرو لي غير الرفيسة والله تنجي نبارك لكم,RAB,انا ديرو لي غير الرفيسة والله تنجي نبارك لكم,Gulf,RAB,Morocco,Rabat,Maghreb,Morocco,Rabat,0.48591757560733534,5.65583093810162e-06,0.48092588307719725,0.0008252379478060763,3.593721103811456e-06,0.002358962777025044,0.00013451678279914904,2.0106103496432257e-05,0.000817442958958803,0.005457476222170724,0.00028534193284289656,0.00025471962022549047,1.672253367352324e-05,0.0005837843310968098,1.20999889430412e-07,0.022392859553441048,0.0008453440513025085,0.5041572465819606,0.005457476222170724,0.4893793232761621,0.00016048886851458536,1.20999889430412e-07,3.990455687991529e-06,0.00028534193284289656,8.009260396570764e-07,7.36130148618885e-06,7.939244875384436e-06,2.9302478165653484e-05,0.00022045217994329854,3.593721103811456e-06,0.0015152664371069948,1.1365932581390743e-05,1.273207798553171e-05,0.48092588307719725,0.0025315009149828004,0.003308209015582064,5.65583093810162e-06,0.0008252379478060763,4.964962116538442e-06,1.20999889430412e-07,0.0005837843310968098,0.48338607469235256,0.019084650537858985,0.0001271554813129602,0.005457476222170724,0.0007311878667129924,0.0008436963399180493,8.625509224581065e-05
15,ملي تمشي للگاراج تصاوب سيارتك ديما كاين واحد الولد صغير يتعلم تما ...يحل و يسد و ينضف و يسيق و يمسح و يتجرح و لكبيرة و الصغيرة في راسو,RAB,ملي تمشي للگاراج تصاوب سيارتك ديما كاين واحد الولد صغير يتعلم تما يحل و يسد و ينضف و يسيق و يمسح و يتجرح و لكبيرة و الصغيرة في راسو,Maghreb,RAB,Morocco,Rabat,Maghreb,Morocco,Rabat,0.9643443364788953,9.294401444321049e-05,8.22242679013899e-06,6.362675336918751e-05,1.468329318658606e-06,0.004255966376374599,0.00013321868838630393,5.84034814447041e-06,0.0017467822953920347,2.0773284844830595e-06,0.029217872512250567,1.9646014758639666e-06,4.827098748936121e-06,4.8345198662763656e-06,3.9890054948271224e-08,0.00011597833800485233,6.946710151365792e-05,0.00013099988613713166,2.0773284844830595e-06,0.9995649576629126,0.00023245813089710915,3.9890054948271224e-08,1.3704296505863645e-06,0.029217872512250567,8.314437722066299e-08,1.7716218284273975e-06,3.0360254587070377e-07,4.824942493466114e-07,1.344333837820882e-06,1.468329318658606e-06,0.0034076962709222417,5.453601221379043e-06,3.456669098349757e-06,8.22242679013899e-06,0.3052816702121027,1.7706881592765077e-05,9.294401444321049e-05,6.362675336918751e-05,1.3777338869647316e-07,3.9890054948271224e-08,4.8345198662763656e-06,0.6590626662667927,9.827145641208725e-05,0.00013144706655787654,2.0773284844830595e-06,0.0016435265875717475,0.0008482701054523574,0.00010325570782028712
16,غير هما لعندوم الكرش حنا نموتو ولا نغرقو ميهمهش الا اعمرو كرشوم لمشكل مكيشبعوش كيفترسو كلشي أرضا وبرا وبحرا وجوا وما تحت الارض غدي نتحاسبو أمام الله . كل ساق سيسقا بما سقا,OUJ,غير هما لعندوم الكرش حنا نموتو ولا نغرقو ميهمهش الا اعمرو كرشوم لمشكل مكيشبعوش كيفترسو كلشي ارضا وبرا وبحرا وجوا وما تحت الارض غدي نتحاسبو امام الله  كل ساق سيسقا بما سقا,Maghreb,FES,Morocco,Fes,Maghreb,Morocco,Oujda,0.9698874716637846,0.0002904846135942317,0.0017105363404398524,5.670466595597994e-05,2.1384827797012463e-05,0.013550225880951677,0.0010560456452918187,0.00012113956663731378,0.0005354828889264239,0.00010476518660633465,0.0026223277409850336,0.0001259829585153424,0.0009095014084065771,0.00019056579819766884,3.7687341908633656e-07,0.008817003940490937,0.00017784423259329372,0.0108440890376438,0.00010476518660633465,0.9865955081746477,0.0022774164950896403,3.7687341908633656e-07,0.0003388650864701251,0.0026223277409850336,3.924138767191703e-05,0.00016758726587063851,3.079245817649822e-05,3.044360862262618e-05,8.011816233928436e-05,2.1384827797012463e-05,0.010257871770964194,5.110572078889853e-05,0.000570636321936452,0.0017105363404398524,0.956939593482359,0.004713792939983791,0.0002904846135942317,5.670466595597994e-05,1.542118755343186e-05,3.7687341908633656e-07,0.00019056579819766884,0.012947878181425643,0.004103211000507146,0.0008884583794211802,0.00010476518660633465,0.00039707651235336476,0.003292354109987483,0.00013840637657305913
17,هادوك الناس ناضو يهدروا على حقهم البطالة كترت عندهم لحقاش بلعولهوم الحدود ومدارولهمش البديل وغادي يديرولهم ونتا بقا حاضي ناس عوض ماديروا يد فيد وتهظرو على حقكم اوا بقاو ناعسين وحاضيين الناس,OUJ,هادوك الناس ناضو يهدروا على حقهم البطالة كترت عندهم لحقاش بلعولهوم الحدود ومدارولهمش البديل وغادي يديرولهم ونتا بقا حاضي ناس عوض ماديروا يد فيد وتهظرو على حقكم اوا بقاو ناعسين وحاضيين الناس,Maghreb,FES,Morocco,Fes,Maghreb,Morocco,Oujda,0.9889914581962624,0.0021010078892103423,0.0015197506487963986,5.891170505287891e-05,6.769292083545637e-06,0.0012973004482988537,0.002466234853816135,3.236372497959675e-05,2.8173239982285474e-05,2.7764941543181285e-05,0.0008128031004306265,0.00016802040019952698,0.0002106800071550531,0.00010922843334115196,1.3435464188172086e-07,0.002169398764205994,9.127543003247566e-05,0.003966398246543072,2.7764941543181285e-05,0.9911297349849744,0.004784692042265075,1.3435464188172086e-07,9.040660045856059e-05,0.0008128031004306265,5.1424945362407505e-06,0.0007011061266738476,9.96619969157309e-06,3.877344083937835e-05,0.0001246932680833018,6.769292083545637e-06,0.0011527593764038668,1.725503075178291e-05,0.0001202734066964925,0.0015197506487963986,0.704930309150343,0.0015408184998999127,0.0021010078892103423,5.891170505287891e-05,4.553691276846811e-06,1.3435464188172086e-07,0.00010922843334115196,0.28406114904591945,0.0006285802643060811,0.0017651287271422873,2.7764941543181285e-05,1.918731250444186e-05,0.00014454107189498702,8.985927477843614e-06
18,السكوم...وفالناضور يكولولو براغوش...كيجي واعر مع البيض..اخويا دفتر نتاع نمر شفناه . ديال دبع موحال,OUJ,السكوموفالناضور يكولولو براغوشكيجي واعر مع البيضاخويا دفتر نتاع نمر شفناه  ديال دبع موحال,Maghreb,RAB,Morocco,Rabat,Maghreb,Morocco,Oujda,0.9999986417840137,2.765530235874052e-08,8.350436136362794e-08,7.443324104899195e-09,5.461134949528173e-09,2.1111780382122176e-07,7.477038722431023e-08,3.73648474932948e-09,6.682877313661436e-08,1.962185371125797e-09,7.361271093910323e-07,9.914399103509562e-09,6.524615306549698e-08,7.656710428079894e-09,5.1166095404697104e-11,5.674069126378636e-08,1.1179808854228674e-08,1.5781616215900375e-07,1.962185371125797e-09,0.9999996558577,1.7313297759807592e-07,5.1166095404697104e-11,2.8055106781039336e-08,7.361271093910323e-07,5.167387466258238e-10,2.8957808764057896e-08,7.359548337925395e-10,6.749269480322204e-09,2.3895764297411698e-09,5.461134949528173e-09,1.469922808719506e-07,2.483791168911117e-09,3.7191046284457645e-08,8.350436136362794e-08,0.0005129695112410536,3.923683454611705e-08,2.765530235874052e-08,7.443324104899195e-09,7.755531934461888e-10,5.1166095404697104e-11,7.656710428079894e-09,0.9994856722727726,1.7503856717669307e-08,4.581257846025234e-08,1.962185371125797e-09,4.063273896781714e-08,6.412552294927116e-08,2.619603416879722e-08
19,السلام عليكم الاخوان ناس وجدة الله يجزيكم بالخير كاين واحد السيد الولد ديالو يالاه تزاد مريد الرجل ديالو عوجة بغا يدسرلو عملية باش تسكد نيشان و ملقاش باش الدري حتا هو يالاه تزوج و خدام غير كل مرة فاش يلاه يجيب باش يعيشو هو و الزوجة ديالو الله يخليكم اللي قدر يعاونو ولا يتساعد معاه لوجه اللة و ديك الملائكة يعاونهوم,OUJ,السلام عليكم الاخوان ناس وجدة الله يجزيكم بالخير كاين واحد السيد الولد ديالو يالاه تزاد مريد الرجل ديالو عوجة بغا يدسرلو عملية باش تسكد نيشان و ملقاش باش الدري حتا هو يالاه تزوج و خدام غير كل مرة فاش يلاه يجيب باش يعيشو هو و الزوجة ديالو الله يخليكم اللي قدر يعاونو ولا يتساعد معاه لوجه اللة و ديك الملائكة يعاونهوم,Maghreb,RAB,Morocco,Rabat,Maghreb,Morocco,Oujda,0.9999931031360616,3.310249685080898e-10,8.842315608954056e-10,1.0951894383793404e-09,1.1459327799407243e-10,1.756198945309587e-08,1.6152092524433348e-09,6.381022566680671e-10,1.480595681193787e-07,4.815585863006114e-10,6.721850069434315e-06,4.764838675331316e-10,3.2194866174572476e-10,1.9051143131395232e-10,1.2361591660597072e-11,3.2310963996299196e-09,1.7332916950474075e-09,4.782323259372409e-09,4.815585863006114e-10,0.9999999906076885,2.3827761606912217e-09,1.2361591660597072e-11,1.698631082855796e-10,6.721850069434315e-06,4.62661673122113e-11,3.9618202070597386e-10,1.6730557418004455e-10,1.0365758412953292e-10,2.4933791822187134e-10,1.1459327799407243e-10,3.692633970468931e-09,4.2453051517581124e-10,1.5208555346014517e-10,8.842315608954056e-10,0.0002077456379761954,2.5367992955973e-09,3.310249685080898e-10,1.0951894383793404e-09,1.234883651817274e-10,1.2361591660597072e-11,1.9051143131395232e-10,0.9997853574980854,6.942971040326197e-10,1.2190272317373609e-09,4.815585863006114e-10,1.3151784064948226e-07,1.3869355482626938e-08,1.6541727469896417e-08
20,ميمكنش تكون طلع نازل و تشوف هاد تصويرة و متحطش جادووغ,OUJ,ميمكنش تكون طلع نازل و تشوف هاد تصويرة و متحطش جادووغ,Maghreb,RAB,Morocco,Rabat,Maghreb,Morocco,Oujda,0.9880084872432499,5.681672049050395e-05,9.347996150660395e-06,4.078564554686541e-06,1.6077003972347582e-05,8.436641650681336e-05,0.00920664351864883,4.833343763194913e-06,2.731448402857786e-05,2.500302142419814e-07,0.000511049086763583,6.150394065719381e-06,0.0020542913102769766,2.6071899101379476e-06,3.487224415798317e-09,7.683210179242453e-06,8.911908317881454e-06,2.5788790305760173e-05,2.500302142419814e-07,0.9886312172305486,0.011333828553388658,3.487224415798317e-09,0.0002143192607793522,0.000511049086763583,1.731619216626875e-07,7.897828816834459e-05,1.699999406015253e-07,3.3848251656001536e-06,2.6880009951078216e-06,1.6077003972347582e-05,4.373160816682519e-05,4.4901819009307e-06,0.0018399720494976244,9.347996150660395e-06,0.08964623602746742,3.958593494750313e-06,5.681672049050395e-05,4.078564554686541e-06,7.75679050114058e-08,3.487224415798317e-09,2.6071899101379476e-06,0.8983622512157824,3.724616684492141e-06,0.009127665230480485,2.500302142419814e-07,1.7173223499641056e-05,4.063480833998818e-05,1.0141260528936803e-05
21,ولد لعبيد دارها فالمسلمين وهما مبليين بالكراسي والكروش,OUJ,ولد لعبيد دارها فالمسلمين وهما مبليين بالكراسي والكروش,Maghreb,RAB,Morocco,Rabat,Maghreb,Morocco,Oujda,0.9521920612632025,0.002696735599541981,0.004999693510563168,0.0006703825976287893,0.0010643154045511531,0.009955983976302627,0.00629134571289857,0.0002311949960614261,0.0005611254272498505,0.00021568417362709456,0.004518051996311449,0.0015033052613708604,0.005814557536039504,0.0007627712921010221,1.6416136059110508e-06,0.00852114963894408,0.0009015775936902155,0.01578691970297913,0.00021568417362709456,0.9672272226630664,0.01586695425303121,1.6416136059110508e-06,0.0012241303563749312,0.004518051996311449,3.7510050082080754e-05,0.0021553479093244453,4.528788627900069e-05,0.0006685705406929354,0.0007951547868220836,0.0010643154045511531,0.005396273686831383,0.00014839705970034467,0.004590427179664573,0.004999693510563168,0.0028923490100814697,0.005005947516755027,0.002696735599541981,0.0006703825976287893,3.957993385584146e-05,1.6416136059110508e-06,0.0007627712921010221,0.949299712253121,0.0035152021221890534,0.004135997803574125,0.00021568417362709456,0.00043521478535281144,0.004559710289471244,0.00012591064189703904
22,ناصر الزفزافي كاع لفديو ديال مظاهرة كيقولهم حنا مكنظربوش حنا كنهدرو واها الكدابين هدوك المخزن تفو علهم,OUJ,ناصر الزفزافي كاع لفديو ديال مظاهرة كيقولهم حنا مكنظربوش حنا كنهدرو واها الكدابين هدوك المخزن تفو علهم,Maghreb,FES,Morocco,Fes,Maghreb,Morocco,Oujda,0.9999979198787582,8.975147976082159e-09,1.9612544177088383e-08,1.4182199560253796e-08,1.1694644759579242e-09,2.4253624980839474e-07,3.8008653705227534e-08,1.303773633348898e-08,1.7630620417187363e-08,5.982720429051128e-09,1.575712434153323e-06,2.1415069648385793e-08,1.1346528455230407e-08,1.674778779958387e-08,2.1443742137042747e-10,9.354964741045708e-08,2.7219935893742775e-08,1.5132504903551512e-07,5.982720429051128e-09,0.9999997557580625,5.9499794612498025e-08,2.1443742137042747e-10,2.1411402533193376e-09,1.575712434153323e-06,1.9715936523418833e-09,9.917839898568437e-09,5.09994396181603e-09,7.684107987813119e-09,1.3207830238322896e-08,1.1694644759579242e-09,1.0901916765548243e-07,5.9661987193310686e-09,9.205388201911068e-09,1.9612544177088383e-08,0.9985281000789109,8.416351561246267e-08,8.975147976082159e-09,1.4182199560253796e-08,5.231314222497794e-10,2.1443742137042747e-10,1.674778779958387e-08,0.0014698197998472514,9.386131797994417e-09,2.80908138066591e-08,5.982720429051128e-09,1.4259806787016477e-08,1.3351708215291231e-07,3.370813630170885e-09
23,انا محلو بخليها وعم مهلن ل يطلعوها ويقلن هذا الموجود ويعزم امرأة من رفقات امو ل عندا بالمستشفى احتفالا بسلامتها ويطوشن ليدفعولو هني مليون و يقولولو دخيلك خذها وفل,BEI,انا محلو بخليها وعم مهلن ل يطلعوها ويقلن هذا الموجود ويعزم امراة من رفقات امو ل عندا بالمستشفى احتفالا بسلامتها ويطوشن ليدفعولو هني مليون و يقولولو دخيلك خذها وفل,Gulf,DOH,Qatar,Doha,Levant,Lebanon,Beirut,4.774722377628556e-06,6.068046489496621e-05,0.5646584248324608,4.644624869897467e-05,2.5712934294018582e-05,0.0006599836867581971,0.017729803061970997,2.5498576042711092e-05,0.0026744703967922882,0.39295909880478314,3.863358309143309e-05,0.0016151395981754575,4.8755512010507834e-05,0.0021215713644308896,1.2429074002616618e-06,0.017329763305817505,7.194482474168577e-05,0.5857248991008847,0.39295909880478314,0.003377862389019547,0.01786495197317049,1.2429074002616618e-06,1.338005473041176e-05,3.863358309143309e-05,9.710690821271805e-07,4.495925673795773e-05,6.225579673244171e-06,0.0002786105508521474,0.00115306360222294,2.5712934294018582e-05,0.0005279286508343095,1.830192728733974e-05,3.537545728009607e-05,0.5646584248324608,1.6979814148951527e-06,0.00039533638731117324,6.068046489496621e-05,4.644624869897467e-05,0.00018346544510037,1.2429074002616618e-06,0.0021215713644308896,3.0767409627334025e-06,0.016934426918506332,0.01768484380523304,0.39295909880478314,0.0003842193290690537,0.00013205503592388763,0.0022902510677232347
24,ليليان انحرمت من طفلها في غيبوبة في بعد أبشع واقسى من قلب والد الطفل ونزعه من أمه وهذا حصل في فترة غيبوبة ليليان في إنفجار مرفأ بيروت ولادهم راحت قيمتها الله يكون بعون الاهل وولادهم ويمرر هلازمة ع خير,BEI,ليليان انحرمت من طفلها في غيبوبة في بعد ابشع واقسى من قلب والد الطفل ونزعه من امه وهذا حصل في فترة غيبوبة ليليان في انفجار مرفا بيروت ولادهم راحت قيمتها الله يكون بعون الاهل وولادهم ويمرر هلازمة ع خير,Gulf,MUS,Oman,Muscat,Levant,Lebanon,Beirut,7.712660142199456e-06,0.001186806372162308,0.007716745129182405,0.00742591428033497,1.1109200251630553e-05,0.0031635644487087032,0.010031320057531646,0.00021235775034071845,0.00041377659070370815,0.00044849606412654055,0.00018949317652953472,0.000125574222274241,0.0003206464443258966,0.9056705076240293,0.051373890672557376,0.011702085306798612,0.007638272030675688,0.9252149122822846,0.00044849606412654055,0.0037745468760841455,0.011549882074271482,0.051373890672557376,0.0001087768958448243,0.00018949317652953472,1.705720569186516e-06,0.00036821595520468463,1.600097543323189e-05,3.441454312310897e-05,8.234250880838813e-05,1.1109200251630553e-05,0.0011827774435923272,0.00019465105433830003,0.00021186954848107233,0.007716745129182405,7.22828882980106e-06,0.000952000062737953,0.001186806372162308,0.00742591428033497,8.817170342743885e-06,0.051373890672557376,0.9056705076240293,4.843713123983965e-07,0.010750085244060658,0.009663104102326962,0.00044849606412654055,0.00039670053262170276,0.001980787005116376,1.7076058082005402e-05
25,الله يجمعك فيه لابنك بأقرب وقت وربنا ما بروح لك تعبك وعذابك ياحبيبت قلبي اعطي دعم لنفسك وكوني قويه وربنا معك حبي مستحيل تصير ببلدنا للأسف شعب اغلبه بتشغلوا المظاهر والعنصرية بكل اشكالها مريض,BEI,الله يجمعك فيه لابنك باقرب وقت وربنا ما بروح لك تعبك وعذابك ياحبيبت قلبي اعطي دعم لنفسك وكوني قويه وربنا معك حبي مستحيل تصير ببلدنا للاسف شعب اغلبه بتشغلوا المظاهر والعنصرية بكل اشكالها مريض,Gulf,RIY,Saudi Arabia,Riyadh,Levant,Lebanon,Beirut,9.518184707513123e-08,0.005163379559800201,0.021834928818530108,3.029019069826202e-05,0.00013752361787612485,0.049504995331434605,0.05881660352925843,2.120721769198714e-05,6.475143143618158e-06,0.06078961730466869,5.915299575854294e-07,0.01940176476377171,0.007433978660911365,0.0018053165509602691,1.1949092904822577e-07,0.775053113108521,5.149740839024916e-05,0.8180951232417831,0.06078961730466869,0.04951215718638288,0.07155148536784611,1.1949092904822577e-07,0.0005935999215147771,5.915299575854294e-07,3.462208222105069e-07,0.007675989324880489,6.825492343269896e-06,0.00016228811579609482,0.019178563532973338,0.00013752361787612485,0.04909900379585981,1.4035504526506738e-05,0.006840378739396588,0.021834928818530108,7.385850757868335e-08,0.22316346282068472,0.005163379559800201,3.029019069826202e-05,6.09131150022763e-05,1.1949092904822577e-07,0.0018053165509602691,2.132333949644787e-08,0.5518896502878363,0.05114061420437794,0.06078961730466869,5.1094124179951e-06,0.0004059915355747909,1.3657307256230589e-06
26,ان شالله يارب يفرجها عليكم ويطبق القانون ويرتاح راسكم وتتفضوا لدرسكم امين البعض ما بيعرف كيف ولادنا عايشين بايطاليا بالقلة بالتقشف بالاكل والملبس وكيف الاهل عمبحولوا لولادهم اجار السكن سعر الدولار حتى ما ينطردوا برا وينذلوا ويخسروا علمهم بس اديش الاهل قادرين يصمدوا ع هالوضع,BEI,ان شالله يارب يفرجها عليكم ويطبق القانون ويرتاح راسكم وتتفضوا لدرسكم امين البعض ما بيعرف كيف ولادنا عايشين بايطاليا بالقلة بالتقشف بالاكل والملبس وكيف الاهل عمبحولوا لولادهم اجار السكن سعر الدولار حتى ما ينطردوا برا وينذلوا ويخسروا علمهم بس اديش الاهل قادرين يصمدوا ع هالوضع,Levant,BEI,Lebanon,Beirut,Levant,Lebanon,Beirut,5.854172529806266e-07,0.007883581500087312,0.0022530894231497125,0.0006951278442342907,0.8216557336166709,0.005864243649905393,0.057541990325162294,2.8792390446317277e-05,4.5461320533060744e-05,0.00035716255684877505,7.620474816552712e-06,0.04032229221416637,0.04826015479892405,0.0005546871905686057,3.153207099895424e-07,0.01452916195652337,0.0007239202346806079,0.05765923078440806,0.00035716255684877505,0.005917910862507988,0.9353414602408445,3.153207099895424e-07,0.01720031717887632,7.620474816552712e-06,1.194227853890634e-06,0.00611814643510269,3.1590297064380314e-06,0.0007536421696991112,0.03927338242514009,0.8216557336166709,0.005033257406537502,2.443913288598861e-05,0.031059837620047732,0.0022530894231497125,2.8078822914306026e-07,0.007371719975582889,0.007883581500087312,0.0006951278442342907,0.0002952676193271694,3.153207099895424e-07,0.0005546871905686057,3.0462902383756635e-07,0.0071574419809404795,0.051423843890059606,0.00035716255684877505,4.04366782892007e-05,0.0008309862433678912,5.02464224386004e-06
27,امين يا رب تنفرج ع كل الطلاب ويخلصوا من هل كابوس ويطمنوا اهلهم عليهم حتى يكملوا دراستهم ونفسيتهم مرتاحة وحاسين بالاستقرار وقيمة مصرياتن لي صمدوها عشان يعلموا ولادهم راحت قيمتها الله يكون بعون الاهل وولادهم ويمرر هلازمة ع خير,BEI,امين يا رب تنفرج ع كل الطلاب ويخلصوا من هل كابوس ويطمنوا اهلهم عليهم حتى يكملوا دراستهم ونفسيتهم مرتاحة وحاسين بالاستقرار وقيمة مصرياتن لي صمدوها عشان يعلموا ولادهم راحت قيمتها الله يكون بعون الاهل وولادهم ويمرر هلازمة ع خير,Maghreb,TRI,Libya,Tripoli,Levant,Lebanon,Beirut,1.7984650646253044e-06,0.0002547251114618814,0.0006522287371586487,0.0007480955012100338,3.4249092657568295e-06,0.9809840496043972,0.0011838196047333181,6.491298225763743e-05,0.00012783350469081203,6.941036800897913e-05,0.00022210750019033377,0.011686996341922004,0.0008074848613394592,0.0015288673283760806,4.323303337997479e-06,0.0016599218765851829,0.0008130084834676712,0.015528014284041918,6.941036800897913e-05,0.981335789074343,0.0022494544868004156,4.323303337997479e-06,0.0007687932792811244,0.00022210750019033377,2.0244761048526064e-06,0.00036966616224878303,4.2884907300218515e-06,0.0002303904078904864,0.011406749136248636,3.4249092657568295e-06,0.0026325714596659895,5.8600015422762976e-05,3.8691582058334784e-05,0.0006522287371586487,1.2657208286872702e-06,0.0005261894117679853,0.0002547251114618814,0.0007480955012100338,4.9856797782881964e-05,4.323303337997479e-06,0.0015288673283760806,5.327442359380343e-07,0.0011337324648171975,0.0008141534424845352,6.941036800897913e-05,0.00010657392137527664,0.9783514781447312,2.1259583315535395e-05
28,الف تحية للجيش للبناني لصهران لرياحت الشعب يصهر وينبصط وافراد للجيش بعيدي عن عيالا الله ينصر الجيش ويبعد عنو ولاد لحرام وينعاد علجميع أنا هيدا المقال بس اللي كان ناقصني كرمال صير غني و شي مليون دولار,BEI,الف تحية للجيش للبناني لصهران لرياحت الشعب يصهر وينبصط وافراد للجيش بعيدي عن عيالا الله ينصر الجيش ويبعد عنو ولاد لحرام وينعاد علجميع انا هيدا المقال بس اللي كان ناقصني كرمال صير غني و شي مليون دولار,Levant,BEI,Lebanon,Beirut,Levant,Lebanon,Beirut,3.765952133390094e-09,1.4122641601375357e-06,8.050113806246574e-08,1.3298079585295786e-08,0.9999854067844649,3.6370678862476474e-08,4.1049221891927265e-06,1.5100758648156483e-08,5.902197580458906e-09,1.8026447531560395e-08,1.9184316133277752e-09,7.901198268622851e-08,8.745922155673157e-06,6.854719140856293e-09,1.5656570636398288e-11,6.934098779520267e-08,2.839883823345227e-08,2.357088276847532e-07,1.8026447531560395e-08,4.7957260189653245e-08,0.99999966989297,1.5656570636398288e-11,2.321281990485346e-06,1.9184316133277752e-09,2.0743894700068426e-10,7.179152503279074e-07,5.534524431626139e-09,1.4219788392634636e-08,3.9659836935121025e-08,0.9999854067844649,2.859836228055222e-08,9.35879526952966e-09,6.424640165187811e-06,8.050113806246574e-08,1.6033451805714876e-09,4.8733215695783173e-08,1.4122641601375357e-06,1.3298079585295786e-08,2.513235735847285e-08,1.5656570636398288e-11,6.854719140856293e-09,2.162606952818607e-09,2.06077720994195e-08,3.3870069388648193e-06,1.8026447531560395e-08,4.636939398095687e-09,7.772316581924257e-09,1.265258182363219e-09
29,هيك كِبروا منير وأنسي وصاروا بياخدوا العقل أحيان كتيرهالشي أعجوبة إنو كيف استوعبوا غياباتي وسفراتي وتقصيري معهم وكيف مش حاقدين عليي ولا ع جنس النساء وكيف كمان عندهم أخلاق وضمير وبيحترموا المرأة وقدراتها وقيمتها,BEI,هيك كبروا منير وانسي وصاروا بياخدوا العقل احيان كتيرهالشي اعجوبة انو كيف استوعبوا غياباتي وسفراتي وتقصيري معهم وكيف مش حاقدين عليي ولا ع جنس النساء وكيف كمان عندهم اخلاق وضمير وبيحترموا المراة وقدراتها وقيمتها,Levant,JER,Palestine,Jerusalem,Levant,Lebanon,Beirut,8.967395116447352e-08,0.715530008189538,2.67788112519297e-06,4.331473228815746e-06,0.00160819315855359,1.5170914873542682e-05,0.2687764562053731,6.334200337768879e-06,4.634803649277804e-07,3.1231010622833317e-06,2.080342135461066e-07,4.472931983359094e-06,0.01399232769943221,2.0311293486664964e-06,1.238072823659998e-08,5.409954588536616e-05,1.0665673566584626e-05,6.328148834258472e-05,3.1231010622833317e-06,1.5932103403181043e-05,0.999906985252897,1.238072823659998e-08,0.002517542568521523,2.080342135461066e-07,5.262909454576598e-07,0.22338212556665032,1.5653889155919096e-06,9.923922295345558e-07,3.25883031656258e-06,0.00160819315855359,1.0442889431975468e-05,4.2425204767193095e-06,0.011474785130910688,2.67788112519297e-06,4.770772658213764e-08,4.6572456019689296e-05,0.715530008189538,4.331473228815746e-06,2.2170943726195758e-07,1.238072823659998e-08,2.0311293486664964e-06,4.196622458233587e-08,7.527089865676861e-06,0.04539433063872279,3.1231010622833317e-06,3.324711164985093e-07,4.728025441567215e-06,1.310092484292711e-07
30,بيشتغلوا من قلبهم وبنزاهة وصدق وأمور تانية كتير رائعة موجودة فيهم هل هوي حظّ ما بعرف شو ما كان السبب أنا ممتنة بجنون ممتنة لدرجة النشوة ممتنة بتواضع هائل هائل,BEI,بيشتغلوا من قلبهم وبنزاهة وصدق وامور تانية كتير رائعة موجودة فيهم هل هوي حظ ما بعرف شو ما كان السبب انا ممتنة بجنون ممتنة لدرجة النشوة ممتنة بتواضع هائل هائل,Levant,BEI,Lebanon,Beirut,Levant,Lebanon,Beirut,4.3281505129278604e-10,1.5357227659590268e-05,8.168279655613866e-09,1.1351250029283895e-07,0.9997689296171622,1.2196883084569277e-08,7.353639272157731e-05,2.226028947898936e-08,3.0215797048152344e-09,3.0193470447810204e-09,7.94574246502669e-10,4.1479910407802156e-08,0.0001418637663952289,4.6494314615258786e-08,5.262129494714882e-10,6.108935489390297e-08,1.3577278977182832e-07,1.5723185957257776e-07,3.0193470447810204e-09,1.6445852087179966e-08,0.9999996870039385,5.262129494714882e-10,1.64692172257116e-05,7.94574246502669e-10,3.821035550078436e-09,7.069637365327259e-05,6.691598849622749e-09,9.408319807553825e-09,3.022771543982529e-08,0.9997689296171622,7.564055867456091e-09,1.1747655079288178e-08,0.00012539454916951731,8.168279655613866e-09,3.157675532801218e-10,3.273993756188292e-08,1.5357227659590268e-05,1.1351250029283895e-07,1.8438751604230406e-09,5.262129494714882e-10,4.6494314615258786e-08,1.1704749801266428e-10,2.8349417332020046e-08,2.8400190683047176e-06,3.0193470447810204e-09,1.6156274249564276e-09,4.632827217113185e-09,1.4059522798588068e-09
31,جبت ولدين ع الدني حبيباتي وروح قلبي منير وأنسي بس عندي ولاد كتير إنتو كل يوم عم تزيدوا وكل يوم عم تخلقوا أقوياء وأحرار من رحمي شكرا ع هالهدية يلي ما بتتقدر هدية إنكن موجودين بحياتي هدية إنكن دوا ليأسي من هالبلد حدكن أنا حدي إنتو,BEI,جبت ولدين ع الدني حبيباتي وروح قلبي منير وانسي بس عندي ولاد كتير انتو كل يوم عم تزيدوا وكل يوم عم تخلقوا اقوياء واحرار من رحمي شكرا ع هالهدية يلي ما بتتقدر هدية انكن موجودين بحياتي هدية انكن دوا لياسي من هالبلد حدكن انا حدي انتو,Levant,ALE,Syria,Aleppo,Levant,Lebanon,Beirut,1.1475053036935602e-08,0.001411441740039167,9.53597722619681e-07,8.913427482127881e-07,0.1053456334830562,9.296569623801989e-07,0.0004980297790295988,7.354492519646551e-07,4.237006444194457e-08,1.9940677314627749e-07,2.8433901473825086e-08,3.6834623868991417e-06,0.8927356795310419,2.136425834560776e-07,1.93796279671001e-09,1.5246914224688122e-06,1.6267920001774433e-06,6.375394115443712e-06,1.9940677314627749e-07,1.011935981332904e-06,0.9999907845331668,1.93796279671001e-09,0.8901066193276317,2.8433901473825086e-08,1.1012714495614433e-08,0.0004565907993269581,1.587084838974668e-07,3.00695605795896e-07,3.31628756594117e-06,0.1053456334830562,5.032833931708803e-07,5.657280535715739e-07,0.0026290602034102495,9.53597722619681e-07,5.9897595222523385e-09,1.2806341336982358e-06,0.001411441740039167,8.913427482127881e-07,6.647921516207585e-08,1.93796279671001e-09,2.136425834560776e-07,5.485293514683263e-09,2.440572887705763e-07,4.1438979702640735e-05,1.9940677314627749e-07,1.9545517307753258e-08,4.2637356920931857e-07,2.2824547134191313e-08
32,لو في عدل بهالدني ما كان أي حدا بينحرم من حدا بيحبو اليوم أنا وعايشة نعمة وجود يلي بحبهم حدي من بعد هالسنة اللعينة اللي قطعت علينا عم فكر كمان بكل شخص متألم بهالفترة أو حزين أو مشتاق أو مستفقد أو محتاج بتمنى من كل قلبي وروحي يصير شي أو يوصل حدا ع حياتكم,BEI,لو في عدل بهالدني ما كان اي حدا بينحرم من حدا بيحبو اليوم انا وعايشة نعمة وجود يلي بحبهم حدي من بعد هالسنة اللعينة اللي قطعت علينا عم فكر كمان بكل شخص متالم بهالفترة او حزين او مشتاق او مستفقد او محتاج بتمنى من كل قلبي وروحي يصير شي او يوصل حدا ع حياتكم,Levant,BEI,Lebanon,Beirut,Levant,Lebanon,Beirut,2.056120708848854e-09,1.280447084397866e-05,1.3755499885627167e-06,8.302703172746163e-08,0.999893815161183,1.24968907809659e-07,1.4747745992584373e-05,8.276190728235142e-08,1.0154901434264214e-08,9.739288184089194e-08,2.4672015173701414e-09,1.621178305265001e-07,7.640492815958263e-05,8.162257880457933e-08,7.793005361209836e-11,2.0549654049119057e-07,1.6578893900981306e-07,1.8247869383849866e-06,9.739288184089194e-08,1.396471314701422e-07,0.9999977723061791,7.793005361209836e-11,3.8676098811655175e-05,2.4672015173701414e-09,2.0075376000229046e-09,4.420107287101919e-06,1.9853932430886115e-08,4.950857104758756e-08,9.256632699450378e-08,0.999893815161183,7.773334758624761e-08,6.09004372514424e-08,3.772882934792745e-05,1.3755499885627167e-06,1.2396467842817872e-09,1.1901031612805738e-07,1.280447084397866e-05,8.302703172746163e-08,2.004293248440879e-08,7.793005361209836e-11,8.162257880457933e-08,8.164739245670668e-10,8.648622436313318e-08,1.0327638705482454e-05,9.739288184089194e-08,6.964486037179161e-09,4.723556022341138e-08,3.1904153970850523e-09
33,النائب نفسه خرب الدنيا عندما إقترب أحدهم من إبنته و هي تحتفظ بأبنائها على عكس بنات الطائفة الكريمة و عندما حاول طليقها إيذاؤها واجهه بالسلاح يخفف من حِمل وجعكم أوقات نقطة ضو بتعبي كل العتمة بغمركم وببعتلكم حب كتير,BEI,النائب نفسه خرب الدنيا عندما اقترب احدهم من ابنته و هي تحتفظ بابنائها على عكس بنات الطائفة الكريمة و عندما حاول طليقها ايذاؤها واجهه بالسلاح يخفف من حمل وجعكم اوقات نقطة ضو بتعبي كل العتمة بغمركم وببعتلكم حب كتير,Modern Standard Arabic,MSA,Modern Standard Arabic,Modern Standard Arabic,Levant,Lebanon,Beirut,2.3742598168175687e-06,0.003351999295983673,6.3955857247667365e-06,0.000620560678599264,8.691907063890531e-06,0.00010453916826671139,0.0007374340639437946,2.215044506947251e-05,1.1535551655172915e-05,0.00011724261446513408,0.0017725560425460145,5.280086219600998e-05,0.00020436602757798437,0.005124721153229309,0.9859448109211152,0.0019178214227467958,0.0006427111236687365,0.007101739023896882,0.00011724261446513408,0.0018910050222847162,0.004302491294569342,0.9859448109211152,3.279698752750374e-05,0.0017725560425460145,2.076806770688886e-06,0.00036244918663641844,4.11945384632093e-06,1.901475998887887e-05,2.815359323579519e-05,8.691907063890531e-06,8.67306200818861e-05,1.5954184452462696e-05,0.00017156904005048062,6.3955857247667365e-06,1.9457422569082394e-06,3.943212442722629e-05,0.003351999295983673,0.000620560678599264,5.6325089713359226e-06,0.9859448109211152,0.005124721153229309,4.2851755990932943e-07,0.0018783892983195694,0.0003749848773073762,0.00011724261446513408,1.0756411395251917e-05,1.7808548184825288e-05,7.79140259920997e-07
34,حاسة حيصير انفجار نفسي عند هالبنات يلي بيعانو من ضغط بمجتمعهم بتخيل انو اغلبهم نفسيا حيتغيرو و ينحرفوا من هلا عم شوف و ارى الاعظم آت,BEI,حاسة حيصير انفجار نفسي عند هالبنات يلي بيعانو من ضغط بمجتمعهم بتخيل انو اغلبهم نفسيا حيتغيرو و ينحرفوا من هلا عم شوف و ارى الاعظم ات,Levant,SAL,Jordan,Salt,Levant,Lebanon,Beirut,1.2940609969730654e-08,0.379115204694967,7.929795356116117e-07,2.1111969237661936e-06,0.00017159636944148377,8.144244104237056e-06,0.6198106312709294,7.818060095501427e-07,6.28272952275775e-08,5.405967544916931e-07,8.728708235885529e-08,9.665320927983746e-07,0.0008809495244483698,1.0816201579056545e-06,4.628824131988473e-09,7.031480823703123e-06,2.8930029333163363e-06,9.872612610018763e-06,5.405967544916931e-07,8.30729909179322e-06,0.9999783818597863,4.628824131988473e-09,0.0001694475654138121,8.728708235885529e-08,2.6437612739581213e-08,8.842079241547462e-05,1.0348004308977021e-07,1.8012959682195882e-07,5.804154297197492e-07,0.00017159636944148377,4.059065850031303e-06,6.518883537207912e-07,0.0007115019590345577,7.929795356116117e-07,6.78187937071881e-09,3.772356279399884e-06,0.379115204694967,2.1111969237661936e-06,2.0598706625666658e-07,4.628824131988473e-09,1.0816201579056545e-06,6.158730599011844e-09,3.2591245443032394e-06,0.619722210478514,5.405967544916931e-07,4.656431900114139e-08,4.085178254205754e-06,1.6262976226436107e-08
35,الحفرة هاذي هي سبب من أسباب موت هاالنوارة الله يرحمها و ينعمها و إن شاء الله ربي يتقبلها بالرحمة,TUN,الحفرة هاذي هي سبب من اسباب موت هاالنوارة الله يرحمها و ينعمها و ان شاء الله ربي يتقبلها بالرحمة,Maghreb,SFX,Tunisia,Sfax,Maghreb,Tunisia,Tunis,9.843146889454953e-08,3.188232716563524e-07,1.4480683477291743e-05,1.9847572882717183e-07,3.742451358193097e-08,0.0025582242334682846,1.6847861793064784e-06,1.6564282852735483e-07,0.9974054185911629,1.6711827317643883e-06,9.067039531386172e-06,2.3975205169057012e-06,2.9034549363013434e-07,1.4943568381748155e-06,6.913017462702971e-09,4.445549771426365e-06,3.6411855735452666e-07,2.2818110603798626e-05,1.6711827317643883e-06,0.9999728082956315,2.3313794581748963e-06,6.913017462702971e-09,3.547071588435305e-08,9.067039531386172e-06,2.712887448105663e-09,7.13627688208031e-08,4.840512416558729e-08,9.233724506323715e-07,1.2879978812093118e-06,3.742451358193097e-08,3.1715890999027824e-05,1.1452481691366189e-07,2.548747777457813e-07,1.4480683477291743e-05,3.601690629229467e-08,6.174999620394183e-07,3.188232716563524e-07,1.9847572882717183e-07,1.861501850640181e-07,6.913017462702971e-09,1.4943568381748155e-06,6.241456260225486e-08,3.828049809386947e-06,1.6134234104856752e-06,1.6711827317643883e-06,0.9973242594078947,0.0025265083424692567,8.115918326822609e-05
36,الحمد لله مانيش مروح حتى تتفض جملة حكاية هالمرض و بعد يعمل ربي دليل,TUN,الحمد لله مانيش مروح حتى تتفض جملة حكاية هالمرض و بعد يعمل ربي دليل,Maghreb,SFX,Tunisia,Sfax,Maghreb,Tunisia,Tunis,3.913288683905144e-08,4.22803195654067e-08,4.604110141372926e-08,6.081894581113619e-08,6.042326438793895e-08,2.2515548575194982e-06,1.1912666766358075e-06,3.311235866248473e-08,0.9999372774320522,1.822261133189142e-08,5.819015530198832e-05,2.050857896271238e-07,5.2531756688400615e-08,2.0587007964565952e-07,5.563366994633524e-10,3.255156610043528e-07,9.393130447362092e-08,7.825126316908654e-07,1.822261133189142e-08,0.9999977582750985,1.3465020172775536e-06,5.563366994633524e-10,1.0661350829793813e-08,5.819015530198832e-05,3.4555931810101717e-09,1.1662271545173702e-08,7.257410883139263e-09,5.8170705676972317e-08,1.2284325724026464e-07,6.042326438793895e-08,6.725987894904483e-07,2.2399354598335297e-08,4.18704058586068e-08,4.604110141372926e-08,6.6831922970869034e-09,8.351792767616865e-08,4.22803195654067e-08,6.081894581113619e-08,2.4071826709886828e-08,5.563366994633524e-10,2.0587007964565952e-07,3.244969454196454e-08,2.4199773332818414e-07,1.1796044050906337e-06,1.822261133189142e-08,0.904945407894841,1.57895606802905e-06,0.09499186953721117
37,الخامجة هذي و اتباعها معطلين مصالحنا و البرلمان ردوه سرك وكان مش باش نوقفوها عند حدها البلاد باش تمشي في هاوية,TUN,الخامجة هذي و اتباعها معطلين مصالحنا و البرلمان ردوه سرك وكان مش باش نوقفوها عند حدها البلاد باش تمشي في هاوية,Maghreb,TUN,Tunisia,Tunis,Maghreb,Tunisia,Tunis,6.6227377664737154e-09,8.352438759406388e-10,7.812961887593643e-10,2.2214447430049275e-10,1.6807950787332176e-10,4.0332942149986785e-06,1.854823758904882e-09,5.614950878698486e-10,0.9999957634850588,7.038051193143767e-10,1.878401409397136e-07,6.745981255907543e-10,2.2371805261718173e-10,4.4043331992200204e-10,5.279510871351932e-12,2.2869304810772792e-09,7.836395621703414e-10,4.1832581153494e-09,7.038051193143767e-10,0.9999999912421526,3.0818651953360244e-09,5.279510871351932e-12,7.955472166613305e-11,1.878401409397136e-07,1.4514425794664759e-11,1.026487797960165e-10,6.195852378503764e-11,3.386073817462135e-10,1.3036279663975644e-10,1.6807950787332176e-10,4.601641457373659e-08,4.850221382901462e-10,1.4416333095104868e-10,7.812961887593643e-10,9.137301378403458e-10,2.851249545606116e-10,8.352438759406388e-10,2.2214447430049275e-10,2.0562794720478446e-10,5.279510871351932e-12,4.4043331992200204e-10,5.70900762863337e-09,2.001805526516668e-09,1.7521749791088655e-09,7.038051193143767e-10,0.00040592658480788135,3.987277800424942e-06,0.9995898369002509
38,صحيح حتى البقية مايصلحوش اما صدقوني هذي باش ترجعنا قرون للوراء وحدة نازية فاشية دكتاتورة كيف بوها لحنين و خاصة عميلة ووجودها في المجلس عندو أهداف لأجندات أجنبية,TUN,صحيح حتى البقية مايصلحوش اما صدقوني هذي باش ترجعنا قرون للوراء وحدة نازية فاشية دكتاتورة كيف بوها لحنين و خاصة عميلة ووجودها في المجلس عندو اهداف لاجندات اجنبية,Maghreb,TUN,Tunisia,Tunis,Maghreb,Tunisia,Tunis,3.01607791106098e-09,3.106117609278359e-10,7.763275908518075e-10,1.8446483819367668e-10,1.8288780282847653e-10,4.3860275659561774e-08,5.437960987004663e-09,1.0052424368629102e-10,0.9999998606598199,2.010295574394446e-10,6.574480732081911e-08,1.621735121882036e-09,6.185358931246783e-10,1.644010019226471e-09,7.31836592775537e-12,1.5633612870260743e-08,2.849890818799677e-10,1.967568560222106e-08,2.010295574394446e-10,0.9999999732809808,6.549996443885653e-09,7.31836592775537e-12,5.0269920116082757e-11,6.574480732081911e-08,4.274731346600409e-12,7.649739214546995e-11,3.039524402839617e-11,9.739605782744778e-10,4.385647617089754e-10,1.8288780282847653e-10,4.915462621681501e-09,6.585426831129444e-11,5.682659730085956e-10,7.763275908518075e-10,1.6025948034479248e-09,7.795234188613181e-10,3.106117609278359e-10,1.8446483819367668e-10,2.0920978189858283e-10,7.31836592775537e-12,1.644010019226471e-09,1.4134831076130555e-09,1.4854089451399426e-08,5.361463594859193e-09,2.010295574394446e-10,0.0025912868651135445,3.894481303788027e-08,0.9974085737947064
39,في كل ماتش متع بالميراس تهزو للستاد وبما انو ما يشوفش تقعد تحكيلو على كل هجمة ولا فرصة باش ولدها يعيش اللحظة اي نعم هاذي حاجة مالحاجات الي ما تنجم كان الام تعملهم لولدها ببرشا صبر ومحبة وربي يخليلكم امهاتكم ويرحم الي توفاو,TUN,في كل ماتش متع بالميراس تهزو للستاد وبما انو ما يشوفش تقعد تحكيلو على كل هجمة ولا فرصة باش ولدها يعيش اللحظة اي نعم هاذي حاجة مالحاجات الي ما تنجم كان الام تعملهم لولدها ببرشا صبر ومحبة وربي يخليلكم امهاتكم ويرحم الي توفاو,Maghreb,SFX,Tunisia,Sfax,Maghreb,Tunisia,Tunis,1.0370017032274809e-10,7.275070804299671e-11,5.074197951271457e-11,6.108343158709686e-11,1.4150203806960803e-11,6.882163707652583e-09,9.952287447903403e-10,8.904361819225291e-11,0.9999999801770458,8.240068032224326e-11,1.060325074978673e-08,4.532873478523522e-10,5.0706771161615894e-11,2.0027861411079717e-10,1.0308079637806442e-12,1.6313669917196982e-10,1.5012704977934977e-10,8.674446406478337e-10,8.240068032224326e-11,0.9999999977661604,1.1328364278019137e-09,1.0308079637806442e-12,1.996476075544396e-11,1.060325074978673e-08,1.4294507560463647e-12,2.4598248970814695e-11,4.1463985587398936e-11,2.0428501857879198e-10,1.4486642435732788e-10,1.4150203806960803e-11,1.5455895359498851e-09,4.615018184880761e-11,3.0742010406171936e-11,5.074197951271457e-11,4.736464011228134e-11,5.598971309960948e-11,7.275070804299671e-11,6.108343158709686e-11,1.041359049162323e-10,1.0308079637806442e-12,2.0027861411079717e-10,5.633553021046675e-11,1.0714698607236033e-10,9.706304958195257e-10,8.240068032224326e-11,0.9817902478487349,5.336574171702698e-09,0.01820973232831086
40,مش زي الام الأمريكية يللي رمت بولدها المتوحد في البحيرة بارادتها وكامل قواها العقلية وهربت عنه وخلاته يموت وحده,TUN,مش زي الام الامريكية يللي رمت بولدها المتوحد في البحيرة بارادتها وكامل قواها العقلية وهربت عنه وخلاته يموت وحده,Maghreb,BEN,Libya,Benghazi,Maghreb,Tunisia,Tunis,4.5311089669070294e-07,0.047972938447565706,0.00141838874482877,0.0005388728697777502,1.6877673738916455e-05,0.5450471601184441,0.01864869510312405,0.08564002641162499,3.7732488813310513e-06,0.00027515287495812095,7.489979091237416e-07,0.0005175079579747564,0.0040064855912825045,0.0007479545215150702,1.16858231158778e-07,0.29516484746924676,0.08617889928140274,0.29784869869356534,0.00027515287495812095,0.5450521354761313,0.07064499681571118,1.16858231158778e-07,3.962872938441771e-05,7.489979091237416e-07,9.537969029487464e-05,0.007437737226317204,0.011716592536189244,5.5784185558601375e-05,0.0004607427977212595,1.6877673738916455e-05,0.5387863740283052,0.07382805418514088,0.003966856861898087,0.00141838874482877,4.029719986867077e-07,0.29296231363494124,0.047972938447565706,0.0005388728697777502,9.809746948955742e-07,1.16858231158778e-07,0.0007479545215150702,5.013889800399519e-08,0.0022025338343055123,0.011210957876806848,0.00027515287495812095,2.3044212464954166e-06,0.00626078609013897,1.4688276348356347e-06
41,ولما اكتشفو جريمتها وواجهوها بللي عملاتو لولدها قالت حجتها الواهية انه ولدها أصبح عبئ عليها من بعد أزمة الكورونا وعلى أساس قررت انها تموته باش يكون في مكان أفضل حسب خيالها,TUN,ولما اكتشفو جريمتها وواجهوها بللي عملاتو لولدها قالت حجتها الواهية انه ولدها اصبح عبئ عليها من بعد ازمة الكورونا وعلى اساس قررت انها تموته باش يكون في مكان افضل حسب خيالها,Nile Basin,CAI,Egypt,Cairo,Maghreb,Tunisia,Tunis,6.114746918185566e-06,0.10034745522001892,0.0010804783338504678,0.0011228132432487725,5.0751486938332737e-05,0.005597784859538925,0.010678907726941748,0.8074690099341383,0.00015578627383043537,0.0006626750672651851,9.535955833152559e-05,0.0005986252928593114,0.0033471160715917094,0.005279259289041755,5.399174432652568e-06,0.063502463721054,0.8085918231773871,0.07046082663680553,0.0006626750672651851,0.005855045438619071,0.1144242305054907,5.399174432652568e-06,0.00015984655468550147,9.535955833152559e-05,0.00030363065827835705,0.004218168346548136,0.005407711240826407,0.00021838021607039747,0.00035316946930180284,5.0751486938332737e-05,0.001428010128815614,0.8017576680350336,0.003187269516906208,0.0010804783338504678,4.0776398915535755e-06,0.04359064881650945,0.10034745522001892,0.0011228132432487725,2.7075607487111055e-05,5.399174432652568e-06,0.005279259289041755,2.03710702663199e-06,0.019911814904544543,0.006460739380393612,0.0006626750672651851,0.00012656505023790236,0.004169774730723311,2.9221223592533005e-05
42,في زمن الكورونا البنات ولاو يعشقو الذكر اللي يصبغ شعرو و يلبس بلوطة و يريقل حواجبو شاب تونسي صاحب صوت خيالي,TUN,في زمن الكورونا البنات ولاو يعشقو الذكر اللي يصبغ شعرو و يلبس بلوطة و يريقل حواجبو شاب تونسي صاحب صوت خيالي,Maghreb,TUN,Tunisia,Tunis,Maghreb,Tunisia,Tunis,5.847146295049918e-06,0.000432495532955289,0.00014715747414555715,0.0005400003693491922,0.00014538759585276987,0.0008256606536303528,0.009384133755387453,3.785102330279327e-05,0.9857598179061002,7.471867251153585e-05,0.001571799663276868,2.5274898315558616e-05,3.851610351306785e-05,3.8949388691622084e-05,2.9228902249145915e-08,0.0009723605877704193,0.0005778513926519855,0.001183742348923157,7.471867251153585e-05,0.9881631253693025,0.010000532987708581,2.9228902249145915e-08,9.258220310108071e-06,0.001571799663276868,5.044083277200404e-07,9.855007919258792e-05,4.722835776077343e-06,5.496489204019448e-06,1.415854161355713e-05,0.00014538759585276987,0.0005687756167089288,3.262377919899588e-05,2.925788320295978e-05,0.00014715747414555715,9.549621083234359e-07,0.00010979839862030282,0.000432495532955289,0.0005400003693491922,5.619867497982036e-06,2.9228902249145915e-08,3.8949388691622084e-05,4.892184186726483e-06,0.0008625621891501165,0.009285583676194866,7.471867251153585e-05,0.06743615406041326,0.000256885036921424,0.918323663845687
43,علاش راكم تديرو لبلادكم هكذا علاش علاش راكم تقسمو في بلادكم شوفو لسوريا وليبيا والعراق علاش تبعو في العملاء كل مجموعة تسيرها دولة حتى تتقسم تونس الشقيقة,TUN,علاش راكم تديرو لبلادكم هكذا علاش علاش راكم تقسمو في بلادكم شوفو لسوريا وليبيا والعراق علاش تبعو في العملاء كل مجموعة تسيرها دولة حتى تتقسم تونس الشقيقة,Maghreb,SFX,Tunisia,Sfax,Maghreb,Tunisia,Tunis,0.07910764262595738,6.833519996007645e-07,2.581741737610429e-06,6.137566535876097e-07,2.9698451393656233e-07,0.0005788874801247125,2.6354981274321453e-06,6.845872142427115e-07,0.7696340057488508,2.0721338586002675e-06,0.15064934397152527,1.6243849941506106e-06,1.884997305537461e-06,3.0319415373161618e-06,6.271148936361682e-08,1.3948084110656822e-05,1.2983438678303213e-06,2.1186152379734024e-05,2.0721338586002675e-06,0.9999698798264581,5.500831946506933e-06,6.271148936361682e-08,7.318859379286064e-07,0.15064934397152527,4.196558685648064e-08,4.6602696618958715e-07,1.450910896926342e-07,8.114269085625412e-07,6.217856995596647e-07,2.9698451393656233e-07,2.3917975258900024e-05,4.975305376935967e-07,1.1531113676088546e-06,2.581741737610429e-06,0.0004973761242674464,7.691118792807191e-06,6.833519996007645e-07,6.137566535876097e-07,1.9117238602840468e-07,6.271148936361682e-08,3.0319415373161618e-06,0.07861026650168992,6.256965317849631e-06,2.169471161242558e-06,2.0721338586002675e-06,0.759534787727514,0.0005549695048658125,0.010099218021336709
44,ونعم الام مش زي الام الأمريكية يللي رمت بولدها المتوحد في البحيرة بارادتها وكامل قواها العقلية وهربت عنه وخلاته يموت وحده.. ولما اكتشفو جريمتها وواجهوها بللي عملاتو لولدها,TUN,ونعم الام مش زي الام الامريكية يللي رمت بولدها المتوحد في البحيرة بارادتها وكامل قواها العقلية وهربت عنه وخلاته يموت وحده ولما اكتشفو جريمتها وواجهوها بللي عملاتو لولدها,Nile Basin,CAI,Egypt,Cairo,Maghreb,Tunisia,Tunis,2.447773700106028e-07,0.013765030492300677,0.00014664403906976392,0.0001962029242870772,6.4094405414413884e-06,0.0031832919418000013,0.002211254695124814,0.9754752097561382,1.6374757676373498e-06,7.083278817872719e-05,3.95779158190291e-07,3.570050622314026e-05,0.0006880351039530061,6.396416703696092e-05,6.172967874474597e-08,0.004155084383371597,0.9756714126804253,0.004401393095701463,7.083278817872719e-05,0.0031855699740958397,0.01667072973191994,6.172967874474597e-08,1.6806773790386646e-05,3.95779158190291e-07,0.00010989287567241102,0.0011134736010750361,0.013519532175923403,1.1883971338821243e-05,2.343645652947891e-05,6.4094405414413884e-06,0.0020250403827356787,0.9618457847045424,0.0006712283301626194,0.00014664403906976392,1.8494179753548665e-07,0.004057110941840159,0.013765030492300677,0.0001962029242870772,3.8007835484010815e-07,6.172967874474597e-08,6.396416703696092e-05,5.98355724751161e-08,9.797344153143822e-05,0.0010977810940497777,7.083278817872719e-05,1.1581036074809763e-06,0.0011582515590643225,4.793721601563736e-07
45,قالت حجتها الواهية انه ولدها أصبح عبئ عليها من بعد أزمة الكورونا وعلى أساس قررت انها تموته باش يكون في مكان أفضل حسب خيالها,TUN,قالت حجتها الواهية انه ولدها اصبح عبئ عليها من بعد ازمة الكورونا وعلى اساس قررت انها تموته باش يكون في مكان افضل حسب خيالها,Gulf,RIY,Saudi Arabia,Riyadh,Maghreb,Tunisia,Tunis,9.250825561929298e-07,0.008322849403321684,0.0007697445796735394,0.0002196597572742613,6.197383900751353e-06,0.0011325903224661711,0.0030002362363183797,0.0004829920551047722,5.6673912388738235e-05,0.00016535504960484942,3.7099100097861706e-05,0.00024155521343501214,0.0006646399617531901,0.006643075831604065,2.562909680200704e-06,0.9782538432008204,0.0007026518123790335,0.985908218825533,0.00016535504960484942,0.0012272884175089642,0.011993922985294005,2.562909680200704e-06,2.6539626827115205e-05,3.7099100097861706e-05,6.262578024034323e-06,0.00084661744680596,6.781972574952102e-05,0.00010090269769854457,0.00012773732127884,6.197383900751353e-06,0.0005260706117831071,0.00040890975133121686,0.0006381003349260749,0.0007697445796735394,7.627435716712778e-07,0.01986111014199419,0.008322849403321684,0.0002196597572742613,1.2915194457627552e-05,2.562909680200704e-06,0.006643075831604065,1.6233898452165205e-07,0.9583927330588262,0.00215361878951242,0.00016535504960484942,4.635637487904302e-05,0.0006065197106830641,1.0317537509695219e-05
46,الصويردات مشاو على رواحهم يرحم والديك هبّطها راو تاعب بارش مسكين و ما لقاش شكون ياقف معاه ؛ خلّي صوتو يوصل,TUN,الصويردات مشاو على رواحهم يرحم والديك هبطها راو تاعب بارش مسكين و ما لقاش شكون ياقف معاه  خلي صوتو يوصل,Maghreb,SFX,Tunisia,Sfax,Maghreb,Tunisia,Tunis,3.6467028077659766e-08,1.2686668490476318e-07,4.4349735704370796e-08,1.2718599613588803e-08,6.8974390380091475e-09,1.4752539583650883e-06,3.65433628874134e-07,1.0246309339975993e-08,0.9999969029089555,1.5399573017923966e-07,5.510690683482936e-07,8.0181452367695e-08,3.613479888583825e-08,2.0241304771413945e-08,2.0123795240333185e-11,1.7721518240818381e-07,2.2964908953564795e-08,3.2198767525166357e-07,1.5399573017923966e-07,0.9999989656990103,5.353325517027446e-07,2.0123795240333185e-11,8.737924871874125e-09,5.510690683482936e-07,3.3543567833309284e-10,1.956586696828588e-08,1.4961597816576476e-09,2.6577453741610984e-08,4.9247924889834595e-08,6.8974390380091475e-09,5.332877029568061e-07,8.414713879985253e-09,2.739687401396412e-08,4.4349735704370796e-08,2.1857102154063042e-09,4.2006716176945595e-08,1.2686668490476318e-07,1.2718599613588803e-08,4.356073736249416e-09,2.0123795240333185e-11,2.0241304771413945e-08,3.428131786225346e-08,1.3520846623123822e-07,3.4586776190584815e-07,1.5399573017923966e-07,0.9890682650454388,9.419662554082821e-07,0.010928637863516711
47,إن شاء الله أي واحد يشوف التصاور هاذم و النساء الي ظهوراتها مقوسة يعاود يخمم ألف مرة قبل ما يلوح حاجة في الشارع,TUN,ان شاء الله اي واحد يشوف التصاور هاذم و النساء الي ظهوراتها مقوسة يعاود يخمم الف مرة قبل ما يلوح حاجة في الشارع,Maghreb,SFX,Tunisia,Sfax,Maghreb,Tunisia,Tunis,5.244436541072873e-09,1.6671487115330302e-09,5.747514863724895e-08,7.80646879227272e-09,1.0649858002846984e-09,3.702419560374487e-05,1.670255191091267e-08,5.353983305550558e-09,0.999962459337369,2.9697596494996094e-08,2.3785210217189399e-07,8.250818652591873e-08,3.730552932215654e-09,1.246661331627768e-08,1.072095247476431e-10,5.479004253236823e-08,1.3160452097823278e-08,2.072399910118136e-07,2.9697596494996094e-08,0.9999997266295115,2.3165239354946056e-08,1.072095247476431e-10,3.9111079240987585e-10,2.3785210217189399e-07,7.605624400388008e-11,7.272612871741935e-10,1.9907372578436856e-09,4.389666682833789e-08,3.5494630100447046e-08,1.0649858002846984e-09,6.449599869439625e-07,3.287189803702992e-09,3.3394421398057786e-09,5.747514863724895e-08,2.7801159208573323e-09,2.6296628078382077e-08,1.6671487115330302e-09,7.80646879227272e-09,3.1168895971338058e-09,1.072095247476431e-10,1.246661331627768e-08,2.4643206202155412e-09,2.8493414453986153e-08,1.5975290623738478e-08,2.9697596494996094e-08,0.9998968016289409,3.63792356168009e-05,6.565770842816575e-05
48,راجل سيد الرجال ربي يعينك نشالله حشاك انتي عون بلدي انتي الي بلاش بيك دود ياكلنا والزبال هوا في مخو ومنطقو وقلة تربية متاعهم الله وانتي الله يعنيك بلادك كلبة وناسها اللطف,TUN,راجل سيد الرجال ربي يعينك نشالله حشاك انتي عون بلدي انتي الي بلاش بيك دود ياكلنا والزبال هوا في مخو ومنطقو وقلة تربية متاعهم الله وانتي الله يعنيك بلادك كلبة وناسها اللطف,Maghreb,SFX,Tunisia,Sfax,Maghreb,Tunisia,Tunis,2.7189163418635097e-08,2.636959114688731e-09,2.1560151814312052e-08,2.6260326092101556e-09,1.7092268441010714e-09,2.099587369879955e-06,1.1284842529238691e-08,8.970471648052479e-09,0.9999974972835124,1.021348803059178e-08,2.3257703016811344e-07,4.570826869948924e-08,2.933944478171327e-09,5.169067680291684e-09,5.3588274916898384e-11,3.04968825909025e-08,1.1596504257262634e-08,1.0293437078499548e-07,1.021348803059178e-08,0.9999998566370758,1.856497296619982e-08,5.3588274916898384e-11,6.730356461027036e-10,2.3257703016811344e-07,3.1335117531399835e-11,1.6229222439063469e-09,1.728730677346172e-09,2.1068668257107115e-08,2.2117249224842373e-08,1.7092268441010714e-09,6.959072441741892e-08,7.210405853174906e-09,2.2609088320686234e-09,2.1560151814312052e-08,6.679578483064561e-09,2.351300660435803e-08,2.636959114688731e-09,2.6260326092101556e-09,2.5223512175397503e-09,5.3588274916898384e-11,5.169067680291684e-09,2.0509584935570538e-08,6.983875986544472e-09,9.661920285332344e-09,1.021348803059178e-08,0.9999720354813559,2.029996645462536e-06,2.5461802156427625e-05
49,توة عندي أكثر من جمعتين كل من نوصل ولدي يقرأ نرا مرا الصباح شدا ولدها تكركر فيه بش تهزو يقرأ بالسيف و كي توصل قدام المكتب الطفل يدز أمو و يهرب يجري لا يخاف لا من كراهب ولا من حتى شيء المهم يهرب من المكتب حبيت نسألها,TUN,توة عندي اكثر من جمعتين كل من نوصل ولدي يقرا نرا مرا الصباح شدا ولدها تكركر فيه بش تهزو يقرا بالسيف و كي توصل قدام المكتب الطفل يدز امو و يهرب يجري لا يخاف لا من كراهب ولا من حتى شيء المهم يهرب من المكتب حبيت نسالها,Maghreb,SFX,Tunisia,Sfax,Maghreb,Tunisia,Tunis,6.752571817998004e-07,2.9524155375134683e-08,2.477698232898902e-08,5.689647278352734e-08,1.0853782917295563e-08,4.451886615917344e-06,3.0617952910960695e-07,4.937271197287533e-08,0.98176536334891,6.426484309433448e-08,0.018226522915781813,1.682081543510234e-07,2.150846891067998e-08,4.1768081337230047e-07,1.538437878930441e-08,1.8219412175134273e-06,1.0626918475640266e-07,2.43260716756574e-06,6.426484309433448e-08,0.9999970134084895,3.6806593631271717e-07,1.538437878930441e-08,5.302603568178613e-09,0.018226522915781813,8.699951854295212e-10,9.092649964227334e-09,1.2576631902985059e-08,6.958285271716202e-08,7.83172772709049e-08,1.0853782917295563e-08,9.765455458728925e-07,3.5926084884460746e-08,1.6205865342501365e-08,2.477698232898902e-08,9.910976092985989e-08,9.788513996477003e-07,2.9524155375134683e-08,5.689647278352734e-08,2.0308024362956463e-08,1.538437878930441e-08,4.1768081337230047e-07,5.761474208699405e-07,8.43089817865727e-07,2.9708687914537963e-07,6.426484309433448e-08,0.9810120291466661,3.475341070044452e-06,0.0007533342022438788
50,أما بحكم إنو ماناش فرد مكتب كي نبدي راجعة ما نراهاش ياخي ليوم ريتها و كي العادة ولدها يبكي بالشهقة مشيتلو قتلو علاش تبكي قالي قلها تسيبني نحب نهرب وما نحبش نمشي نقرا قتلو علاش قالي المعلمة كل يوم تشوي فيا بالعصا وتقلي يا بهيم نخاف منها منعني أمان سخفني و حمملي قلبي كلمت أمو قلتلها إمشي للمعلمة وكلمها يا خي هبططت راسها قاتلي مشيتلها أما باقي عبددتو الله غالب,TUN,اما بحكم انو ماناش فرد مكتب كي نبدي راجعة ما نراهاش ياخي ليوم ريتها و كي العادة ولدها يبكي بالشهقة مشيتلو قتلو علاش تبكي قالي قلها تسيبني نحب نهرب وما نحبش نمشي نقرا قتلو علاش قالي المعلمة كل يوم تشوي فيا بالعصا وتقلي يا بهيم نخاف منها منعني امان سخفني و حمملي قلبي كلمت امو قلتلها امشي للمعلمة وكلمها يا خي هبططت راسها قاتلي مشيتلها اما باقي عبددتو الله غالب,Maghreb,SFX,Tunisia,Sfax,Maghreb,Tunisia,Tunis,1.181719844061087e-06,1.296832917613434e-07,4.4698686961783076e-08,6.846745234746676e-08,8.08520148474268e-08,9.199080165012961e-05,5.103286239974965e-07,1.5358996047830188e-07,0.9998971784913264,5.026961764975318e-07,6.908125601014168e-06,5.967837166557846e-07,2.1777118162930609e-07,4.391457651194522e-08,3.3655726720007155e-09,3.8871032397569127e-07,2.2205741282576864e-07,1.074107304105204e-06,5.026961764975318e-07,0.9999972591384216,9.386351122355727e-07,3.3655726720007155e-09,8.9210497067813e-08,6.908125601014168e-06,2.1185973245496226e-09,6.404227656673402e-08,6.022586524423386e-08,1.916549967619367e-07,1.8249924057676236e-07,8.08520148474268e-08,6.4888356433547055e-06,9.124549790951839e-08,1.2856068456149309e-07,4.4698686961783076e-08,2.429723748739387e-07,2.4008385682640635e-07,1.296832917613434e-07,6.846745234746676e-08,2.2262947931708556e-07,3.3655726720007155e-09,4.391457651194522e-08,9.387474691871484e-07,1.4862646714928495e-07,4.462863474307624e-07,5.026961764975318e-07,0.9938866254604173,8.55019660067749e-05,0.0060105530309091364
51,حيطنا قصير و ما عندي حد و ولات تبكي قلتلها أختي شببك قاتلي راجلي هارب عليا عندو 3سنين وأنا ما عنديش حد بش ياقفلي و ياخولي حقي,TUN,حيطنا قصير و ما عندي حد و ولات تبكي قلتلها اختي شببك قاتلي راجلي هارب عليا عندو 3سنين وانا ما عنديش حد بش ياقفلي و ياخولي حقي,Maghreb,TUN,Tunisia,Tunis,Maghreb,Tunisia,Tunis,3.102632041728806e-07,1.052479361518178e-06,5.449001913403704e-07,5.436154961660699e-07,8.027412381320522e-07,0.13422655671876688,1.5676762394168064e-06,4.931828059346802e-07,0.8657549606310201,1.4674253751782161e-06,9.34594240921949e-06,3.3462056605181073e-07,3.599671774607662e-07,1.587255758244959e-07,4.700674293617302e-10,1.500640505105218e-06,1.03679830210075e-06,2.5388868383218952e-06,1.4674253751782161e-06,0.9999911735554003,3.782864016527803e-06,4.700674293617302e-10,7.712960741027743e-08,9.34594240921949e-06,2.205919239361072e-09,1.8496073388624294e-07,3.663715372999567e-08,1.0636118540643603e-07,1.275201583543611e-07,8.027412381320522e-07,0.00035357510223198147,4.5433973296532344e-07,2.8283757005048876e-07,5.449001913403704e-07,6.83869458831811e-08,7.238827482131267e-07,1.052479361518178e-06,5.436154961660699e-07,1.0073922229101359e-07,4.700674293617302e-10,1.587255758244959e-07,2.418762582896995e-07,7.767577568920914e-07,1.3827155055305636e-06,1.4674253751782161e-06,0.02034719281428847,0.1338729816165349,0.8454077678167317
52,ورغم إنو لمرا هي و ولدها كانت باينا عليهم ملامح الخصاصة والفقر إلا إنها ما شكاتش مالفقر قتلي نحب شكون ياقف لولدي ويكلم المعلمة نحب ولدي يتعلم,TUN,ورغم انو لمرا هي و ولدها كانت باينا عليهم ملامح الخصاصة والفقر الا انها ما شكاتش مالفقر قتلي نحب شكون ياقف لولدي ويكلم المعلمة نحب ولدي يتعلم,Maghreb,TUN,Tunisia,Tunis,Maghreb,Tunisia,Tunis,3.836750664287421e-08,1.3503393465086455e-07,3.8791940565628996e-08,2.5652711489523943e-08,5.9583120529078605e-09,3.876283842939249e-06,1.402761778353616e-06,1.0756539722832652e-08,0.9999929485927398,3.643229942132641e-08,6.476434493059691e-07,6.42270349486354e-08,3.071557781746755e-08,1.704211692530048e-07,3.0981334415461185e-10,5.680513496322522e-07,3.6409251212356595e-08,8.414914943995215e-07,3.643229942132641e-08,0.9999975108875387,1.5744696028748558e-06,3.0981334415461185e-10,7.664364549777387e-09,6.476434493059691e-07,2.4725510170734434e-10,8.884013478622595e-09,3.238438345912765e-09,1.5686383502451403e-08,1.8792979373679505e-08,5.9583120529078605e-09,1.897262904688207e-06,7.270846275212544e-09,2.3051213267690162e-08,3.8791940565628996e-08,5.963553680047456e-09,6.162042570343701e-08,1.3503393465086455e-07,2.5652711489523943e-08,2.9747672072504482e-08,3.0981334415461185e-10,1.704211692530048e-07,3.240395296282675e-08,5.064309239288152e-07,1.3938777648749932e-06,3.643229942132641e-08,0.0793090731902062,1.979020938251042e-06,0.9206838754025336
53,هكاكة و جاو زوز نساء أخرين يشكيو مالمعلمة أو الغولة اللي مخوفا صغيرات السنة الأولي اللي مازالو كي حطو ساقيهم في بداية مسيرتهم التعليمية قلتلهم إشكيو قالولي كلمنا المدير أما حكاية فارغة و هذا الكلو يرجع لغياب إطارات الدولة وتهميش أهم قطاع,TUN,هكاكة و جاو زوز نساء اخرين يشكيو مالمعلمة او الغولة اللي مخوفا صغيرات السنة الاولي اللي مازالو كي حطو ساقيهم في بداية مسيرتهم التعليمية قلتلهم اشكيو قالولي كلمنا المدير اما حكاية فارغة و هذا الكلو يرجع لغياب اطارات الدولة وتهميش اهم قطاع,Maghreb,TUN,Tunisia,Tunis,Maghreb,Tunisia,Tunis,2.4763195241663854e-08,2.4850169706587538e-08,1.1602950158928135e-07,3.612312442982445e-08,1.0789134604288283e-08,1.8571360821026473e-06,3.3892852276627255e-07,2.860600001433099e-08,0.9999823250364895,1.3114382473632267e-07,3.7025225341818113e-06,1.8215113136676124e-07,8.606556434811631e-09,6.14892105113042e-08,4.08857398720311e-10,1.1151415665396777e-05,6.472912444415545e-08,1.1511085508864125e-05,1.3114382473632267e-07,0.9999879094583011,3.8317438351196e-07,4.08857398720311e-10,2.5811540601229565e-09,3.7025225341818113e-06,3.756593950862548e-10,6.775038335909604e-09,7.474321125850385e-09,8.605912424687153e-08,7.079893764004125e-08,1.0789134604288283e-08,2.641637477311057e-07,2.0756019493394353e-08,6.025402374688675e-09,1.1602950158928135e-07,5.814038205085044e-09,2.0988507934055174e-07,2.4850169706587538e-08,3.612312442982445e-08,2.5293069479848455e-08,4.08857398720311e-10,6.14892105113042e-08,1.894915703657881e-08,1.0941530586056225e-05,3.3215348443036294e-07,1.3114382473632267e-07,0.24700623292715637,1.5929723343715415e-06,0.7529760921093331
54,يقوم عليه مستقبل الأجيال القادمة و مستقبل الدولة أنا نطلب من كل أعضاء الڨروب أي حد عندو سلطة أو معارف في قطاع التعليم إنو يوصل صوت هالصغيرات على فكرة المكتب هذا هو مكتب سيدي العلوي باب سعدون و الله لا يضيع أجر المحسنين و حسبي الله و نعم الوكيل.,TUN,يقوم عليه مستقبل الاجيال القادمة و مستقبل الدولة انا نطلب من كل اعضاء الڨروب اي حد عندو سلطة او معارف في قطاع التعليم انو يوصل صوت هالصغيرات على فكرة المكتب هذا هو مكتب سيدي العلوي باب سعدون و الله لا يضيع اجر المحسنين و حسبي الله و نعم الوكيل,Gulf,RIY,Saudi Arabia,Riyadh,Maghreb,Tunisia,Tunis,7.156720652718512e-06,5.561179003036919e-05,0.0029090651442862906,0.0004882465594861453,9.01434741806293e-06,0.0041756378431457,0.018876903587307595,4.813042196891556e-05,0.10540806910262038,0.0030202619580872564,0.0002503346469104498,0.0006533821323104702,2.2389523372287022e-05,0.001267176735658692,5.1608002525765654e-06,0.8628034586864921,0.0005363769814550609,0.8676330826987476,0.0030202619580872564,0.10984119831332925,0.018963919248128316,5.1608002525765654e-06,6.895801346968455e-06,0.0002503346469104498,4.953909457470503e-07,2.1136948361193255e-05,1.354934316505803e-05,0.00021532809800214658,0.00024059905119125358,9.01434741806293e-06,0.003594138744355117,3.408568785811048e-05,1.5493722025318568e-05,0.0029090651442862906,4.001585115959065e-06,0.00045350419119096174,5.561179003036919e-05,0.0004882465594861453,0.00019745498311707,5.1608002525765654e-06,0.001267176735658692,3.1551355367594474e-06,0.8623499544953012,0.018855766638946402,0.0030202619580872564,0.10492728324828482,0.0005814990987905836,0.00048078585433555137
55,الكلنا راكبين في نفس الأسونسور غير أحنا مازال ماطاحش بينا شفتوها الدنيا قداش قصيرة زيدو أكرهو بعضكم و أحقدو على بعضكم الله يرحمكم و يصبر أهلهم هم السابقون و نحن اللحقون,TUN,الكلنا راكبين في نفس الاسونسور غير احنا مازال ماطاحش بينا شفتوها الدنيا قداش قصيرة زيدو اكرهو بعضكم و احقدو على بعضكم الله يرحمكم و يصبر اهلهم هم السابقون و نحن اللحقون,Maghreb,SFX,Tunisia,Sfax,Maghreb,Tunisia,Tunis,3.2345274361891555e-08,1.2048580861132232e-08,8.196394700396857e-08,3.0789939744037003e-07,1.4730763498099833e-09,6.361533053419138e-06,7.114330008471131e-08,9.635984245108033e-09,0.9999806722699895,4.787098042561231e-08,1.1941724367622154e-05,2.30954736546035e-08,1.6294695880571742e-09,5.747094184705861e-08,2.3118343312543378e-10,3.7766498015035223e-07,3.175353816854781e-07,5.401953426559829e-07,4.787098042561231e-08,0.9999990078726849,8.629442688371069e-08,2.3118343312543378e-10,3.749221995476095e-10,1.1941724367622154e-05,1.336562659697399e-10,1.3313304415134985e-09,1.484674495862866e-09,1.1300643577858921e-08,9.938948278759223e-09,1.4730763498099833e-09,7.272585144875078e-07,8.017653483275427e-09,1.2545473885095648e-09,8.196394700396857e-08,1.0705334892693543e-09,4.316503007478116e-08,1.2048580861132232e-08,3.0789939744037003e-07,1.855881797985353e-09,2.3118343312543378e-10,5.747094184705861e-08,3.12747408726222e-08,3.344999500755711e-07,6.981196964319781e-08,4.787098042561231e-08,0.9904212281572721,5.63427453893163e-06,0.009559444112717422
56,يعني جبت التايهة فكل من يهمهم الموضوع عارفين كل ده وامريكا بطور لقاح والمانيا كذلك وفرنسا واليابان ودول اخري واحنا ماشين بالتعاون مع الصين في موضوع كورونا لأسباب كلنا نعرفها,CAI,يعني جبت التايهة فكل من يهمهم الموضوع عارفين كل ده وامريكا بطور لقاح والمانيا كذلك وفرنسا واليابان ودول اخري واحنا ماشين بالتعاون مع الصين في موضوع كورونا لاسباب كلنا نعرفها,Nile Basin,CAI,Egypt,Cairo,Nile Basin,Egypt,Cairo,3.483140002269426e-07,2.856738043578121e-05,0.00015577132966459984,8.415366690823363e-05,2.395468787211983e-06,0.00013291743969774658,3.2781031512799663e-05,0.9991434352811326,7.05579528448679e-06,1.536781257273346e-05,3.2192480848688847e-06,2.497904170507453e-06,1.5481933251488417e-05,1.1448194071491903e-05,8.991856630519031e-08,0.00036446928185863633,0.9992275889480409,0.0005341867097652355,1.536781257273346e-05,0.0001435407970673292,7.922581398728127e-05,8.991856630519031e-08,3.42464274316766e-06,3.2192480848688847e-06,3.847615841698501e-05,2.0583270241777218e-05,0.024572031902696356,1.0409993247338926e-06,1.2384964660008318e-06,2.395468787211983e-06,3.0042085690103326e-05,0.9745329272200193,1.2057290508320758e-05,0.00015577132966459984,2.284774686737572e-07,0.0003289377584432352,2.856738043578121e-05,8.415366690823363e-05,2.18408379772729e-07,8.991856630519031e-08,1.1448194071491903e-05,1.198365315531854e-07,3.5531523415401105e-05,1.2197761271022442e-05,1.536781257273346e-05,6.348204050863978e-06,0.00010287535400764325,7.075912336228118e-07
57,يعني ماذا تريد ان تقول لنا من خلال تلاعباتك الإسلوبية ومرادفاتك الكلامية الي بتوهنا فيها شيء سخيف ومقر,CAI,يعني ماذا تريد ان تقول لنا من خلال تلاعباتك الاسلوبية ومرادفاتك الكلامية الي بتوهنا فيها شيء سخيف ومقر,Modern Standard Arabic,MSA,Modern Standard Arabic,Modern Standard Arabic,Nile Basin,Egypt,Cairo,2.5392850905389115e-06,3.765111476577701e-06,0.0075195315250986645,0.0005237401911824915,5.839868759866337e-07,0.00017574655367866662,4.1868670232480375e-05,1.0906803489967156e-05,5.8465828561847766e-06,0.0001803539227746569,1.2883178345110771e-05,0.0004076811372714145,9.963203738863694e-06,0.04611329905969537,0.9203406351832321,0.024650655604960794,0.0005346469946724586,0.07869116732702625,0.0001803539227746569,0.00019701559997050108,5.61809723239084e-05,0.9203406351832321,2.173979801081866e-06,1.2883178345110771e-05,7.775441588539487e-07,8.49056926421453e-06,1.8789068557282475e-06,0.0002568965303971529,0.00014163900471469927,5.839868759866337e-07,0.00011740112438845332,8.25035247538496e-06,7.789223937781827e-06,0.0075195315250986645,2.0827219390768145e-06,0.0023516558717946038,3.765111476577701e-06,0.0005237401911824915,9.145602159562322e-06,0.9203406351832321,0.04611329905969537,4.565631514620971e-07,0.02229899973316619,3.3378100968265844e-05,0.0001803539227746569,5.151647396388698e-06,5.8345429290213306e-05,6.94935459796079e-07
58,جاد و بيان اتخانقوا على الطريق بعد ما حاول يقنعها انها تسيب غمار و ترجع عن قرار انهم يسيبوا بعض تفتكروا ايه اللى هيحصل,CAI,جاد و بيان اتخانقوا على الطريق بعد ما حاول يقنعها انها تسيب غمار و ترجع عن قرار انهم يسيبوا بعض تفتكروا ايه اللى هيحصل,Nile Basin,CAI,Egypt,Cairo,Nile Basin,Egypt,Cairo,2.889749131075765e-07,0.010254275632851511,3.166301177942644e-05,0.0010745521060929765,1.630146132862414e-05,0.00045177268568188304,0.009488734260647527,0.9664335213010607,8.396895381903199e-06,0.000604233670682873,3.0888513408602414e-06,4.6849247137721066e-05,0.0002408791683345925,0.0004848744345051365,2.0571468838874628e-06,0.010858511151377013,0.9675080734071537,0.011421897844799299,0.000604233670682873,0.0004635474073177541,0.020000190523162254,2.0571468838874628e-06,1.0822472543020805e-05,3.0888513408602414e-06,0.0074327990539938054,0.0014370471382050879,0.06234725420508897,1.0682639303673461e-05,2.8891014366477753e-05,1.630146132862414e-05,0.00022755733094668252,0.896653468041978,0.00023005669579157168,3.166301177942644e-05,9.504059002757617e-08,0.0010836552837439851,0.010254275632851511,0.0010745521060929765,7.275593467569851e-06,2.0571468838874628e-06,0.0004848744345051365,1.939343230800003e-07,0.009774855867633029,0.008051687122442438,0.000604233670682873,7.901280088421265e-06,0.00022421535473520054,4.956152934819344e-07
59,أنا بحبك أوي يا مي من الإسكندرية منطقه العجمى الهانوفيل,CAI,انا بحبك اوي يا مي من الاسكندرية منطقه العجمى الهانوفيل,Levant,BEI,Lebanon,Beirut,Nile Basin,Egypt,Cairo,8.905970036584995e-07,0.015864405555774327,0.10263628361599311,0.006883627422196337,0.673819503624102,0.00698115031154063,0.08183007370563243,0.025954272299470966,2.52480196249944e-05,0.035118757928858636,2.6235876952663386e-06,0.006531012934675641,0.00959448545316236,0.0028094156039159693,3.733895814914684e-07,0.031947875950772135,0.0328378997216673,0.14392458810535685,0.035118757928858636,0.007009912515864549,0.7811084683386712,3.733895814914684e-07,0.0012848300608194376,2.6235876952663386e-06,0.00032792717052083296,0.010486016087495022,0.020648453339276562,0.00018071484284328725,0.00600564256984189,0.673819503624102,0.006745410428426116,0.004977891789673572,0.008309655392342923,0.10263628361599311,7.084076394915893e-07,0.014167647139982939,0.015864405555774327,0.006883627422196337,0.0003446555219904635,3.733895814914684e-07,0.0028094156039159693,1.821893641669102e-07,0.017780228810789195,0.0713440576181374,0.035118757928858636,2.1058285240015995e-05,0.00023573988311451394,4.1897343849784045e-06
60,مى وأمل صاحبتها وهما بيطبخوا مع بعض مسخرة أعمل منشن لصاحبك اللى لما بتخش معاه المطبخ بيحصل كدة,CAI,مى وامل صاحبتها وهما بيطبخوا مع بعض مسخرة اعمل منشن لصاحبك اللى لما بتخش معاه المطبخ بيحصل كدة,Nile Basin,ASW,Egypt,Aswan,Nile Basin,Egypt,Cairo,4.389451338164732e-09,1.203198205571079e-06,6.55781525741474e-08,1.9875592447373432e-06,4.9568671821744696e-08,6.98119843631195e-07,2.0804407384426063e-06,0.9999919229601499,2.1989305554084704e-08,7.272818690347283e-07,6.315227774052305e-09,4.1226975820208464e-08,1.4550702492989597e-07,6.69965021449782e-08,2.7291953816664734e-09,9.761394413531972e-07,0.9999939105193947,1.1499410718925313e-06,7.272818690347283e-07,7.308138282974967e-07,3.4787146407653265e-06,2.7291953816664734e-09,3.041614842582655e-08,6.315227774052305e-09,0.032538988475312884,1.7616608301773524e-06,0.9673450442162626,1.0251011728942256e-08,1.2978673723666579e-08,4.9568671821744696e-08,4.2920406395494555e-07,0.0001078902685744419,1.1509087650406942e-07,6.55781525741474e-08,1.7298808045027282e-09,8.726612963805107e-07,1.203198205571079e-06,1.9875592447373432e-06,1.7997290367599632e-08,2.7291953816664734e-09,6.69965021449782e-08,2.6595705336620037e-09,1.034781449726865e-07,3.1877990826525396e-07,7.272818690347283e-07,1.620547642027851e-08,2.689157796762495e-07,5.783829133806195e-09
61,المهم ماتتكررش كتير عشان الصحة والكوليسترول والرشاقة و في البادية طبيعة حياتهم مختلفة من حيث المجهود البدني والبرودة عايشين في خيم فطبيعة جسمهم خلقة ربنا بتحرق كتير,CAI,المهم ماتتكررش كتير عشان الصحة والكوليسترول والرشاقة و في البادية طبيعة حياتهم مختلفة من حيث المجهود البدني والبرودة عايشين في خيم فطبيعة جسمهم خلقة ربنا بتحرق كتير,Nile Basin,CAI,Egypt,Cairo,Nile Basin,Egypt,Cairo,9.886087457326261e-07,0.25443661592039724,3.2249511692067606e-05,0.0012211752369061719,0.00016422096109415359,0.0003008902848431593,0.013264122777043742,0.728934434723886,5.807293123111125e-06,1.527858087899551e-05,6.937713929367679e-06,3.854564250198187e-06,0.0008498815528533822,1.7810516647854443e-05,2.408728729047494e-07,0.000745490880836041,0.7301556099607921,0.0007994054734261611,1.527858087899551e-05,0.0003146239006413708,0.2687148412113885,2.408728729047494e-07,0.00031726476315882616,6.937713929367679e-06,0.00046910690593861504,0.012837001469621431,0.012844450318862432,1.1280741319475935e-06,2.677272730388071e-06,0.00016422096109415359,0.00023279194627402427,0.7156208774990849,0.000532616789694556,3.2249511692067606e-05,6.740118082286436e-07,0.0006834366887108991,0.25443661592039724,0.0012211752369061719,4.9217387862522875e-08,2.408728729047494e-07,1.7810516647854443e-05,3.1459693750398246e-07,6.205419212514186e-05,0.0004271213074223115,1.527858087899551e-05,3.7923856008956215e-06,6.809833856913506e-05,2.0149075222155038e-06
62,ده الا يفوته الحلقه كسبان هو في حد بيسمع ابو حمالات دلوقتي هي ناقصه تعري,CAI,ده الا يفوته الحلقه كسبان هو في حد بيسمع ابو حمالات دلوقتي هي ناقصه تعري,Nile Basin,CAI,Egypt,Cairo,Nile Basin,Egypt,Cairo,3.173221640217449e-09,6.194338012131415e-08,1.6834480392284927e-08,1.379538027637158e-07,3.901861069651547e-09,3.556594136495227e-06,1.7042587464660585e-07,0.9999940592855354,7.753656581536969e-09,1.6523140582864212e-06,4.7619663487005695e-09,2.624346166128785e-08,4.528870066011356e-08,2.081166764449477e-08,1.1217063739212844e-09,2.3159248998031567e-07,0.9999941972393381,2.954820996783832e-07,1.6523140582864212e-06,3.5722829810656824e-06,2.815598164976851e-07,1.1217063739212844e-09,1.3633748228691963e-08,4.7619663487005695e-09,2.1758820082340404e-06,1.389834142123988e-07,0.0021547970097879074,4.121269488572162e-09,9.048734472103132e-09,3.901861069651547e-09,6.629664306856795e-07,0.9978370863937392,3.16549524314216e-08,1.6834480392284927e-08,2.4167118959320753e-09,1.782910114334834e-07,6.194338012131415e-08,1.379538027637158e-07,1.3073457700612555e-08,1.1217063739212844e-09,2.081166764449477e-08,7.565097442853737e-10,5.3301478546832264e-08,3.144246043420706e-08,1.6523140582864212e-06,5.814109175580519e-09,2.8936277058095477e-06,1.9395474059564494e-09
63,الف تحيه لاهل الاردن وشكرا يا مي اللي بتذاكر ينه يا احلى اكلات بلادنا الحبيبه تسلم الايادي انا فلسطينيه كنت عايشه بالاردن,CAI,الف تحيه لاهل الاردن وشكرا يا مي اللي بتذاكر ينه يا احلى اكلات بلادنا الحبيبه تسلم الايادي انا فلسطينيه كنت عايشه بالاردن,Levant,SAL,Jordan,Salt,Nile Basin,Egypt,Cairo,3.6052296683150616e-07,0.00040674402114124105,0.0007413109770725246,6.40479715901332e-05,6.291847532844965e-05,0.0008219751630226198,0.8796404332892469,0.0808241223984789,4.239291720576213e-06,0.030348490253320842,2.07081132866696e-07,0.00023216684286313553,0.00013304344919860646,0.00014193605536200044,4.314941367961697e-08,0.006577961058140642,0.08088817037006904,0.007693374933438302,0.030348490253320842,0.0008267820588428942,0.8802431392349152,4.314941367961697e-08,1.0640280039383909e-05,2.07081132866696e-07,4.681570514812808e-05,0.0006101275487296619,0.06066449621674538,4.108949655708267e-05,0.00012306826237166882,6.291847532844965e-05,0.000485333089448886,0.020112810476585394,0.00012240316915922256,0.0007413109770725246,2.8527245750236844e-07,0.004243900354132596,0.00040674402114124105,6.40479715901332e-05,6.800908393438403e-05,4.314941367961697e-08,0.00014193605536200044,7.525050932913772e-08,0.002334060704008046,0.8790303057405172,0.030348490253320842,3.873320837467397e-06,0.00033664207357373375,3.6597088310881585e-07
64,ما شاء الله يا دكتور ربنا يحفظك ويبارك فى عمرك ويارب دائما فى تقدم ورقى,CAI,ما شاء الله يا دكتور ربنا يحفظك ويبارك فى عمرك ويارب دائما فى تقدم ورقى,Gulf,DOH,Qatar,Doha,Nile Basin,Egypt,Cairo,3.957585192213923e-06,0.00024630942943358245,0.7495167999941968,0.13263252704181053,2.1641459852888426e-05,0.002852558281687385,0.0019715260603370972,0.01629514415238197,2.0741501610480607e-05,0.009120997526999268,7.372717619406275e-06,0.007162934819925417,0.0007466700433170292,0.0024067634571312835,4.916707732544002e-05,0.07694488885117927,0.1489276711941925,0.8360313871224327,0.009120997526999268,0.002884630086109486,0.0029861469929405972,4.916707732544002e-05,7.579981164897639e-05,7.372717619406275e-06,0.015305672834999976,0.001026571500787628,0.0006205048605234716,0.00555838277605878,0.0014993940185470745,2.1641459852888426e-05,0.0017849997692006463,0.0003689664568585203,0.0006708702316680527,0.7495167999941968,3.326184742613347e-06,0.027041226569848083,0.00024630942943358245,0.13263252704181053,0.00010515802531956209,4.916707732544002e-05,0.0024067634571312835,6.314004496005758e-07,0.04990366228133119,0.0009449545595494693,0.009120997526999268,1.8795194137405298e-05,0.001067558512486739,1.9463074730753103e-06
65,مييويى الفلاحين فى مصر زمان موش عارفة دلوقتى ايه كان لازم الارز المصرى اكيد بالشعرية أو إذا مافيش شعرية لازم يحمروا شوية ارز ويبقى لونهم زى الشعرية,CAI,مييويى الفلاحين فى مصر زمان موش عارفة دلوقتى ايه كان لازم الارز المصرى اكيد بالشعرية او اذا مافيش شعرية لازم يحمروا شوية ارز ويبقى لونهم زى الشعرية,Nile Basin,ASW,Egypt,Aswan,Nile Basin,Egypt,Cairo,3.0288078334697564e-09,8.427303525683995e-07,1.9500021489511106e-06,4.879676639617588e-07,3.2291268803726567e-07,8.39999414482056e-06,2.0468378106510712e-05,0.9999138736868904,7.677171542678782e-07,1.759217481536719e-06,3.383683517556926e-07,1.4041940062643153e-06,5.938495091215604e-07,2.795373214840678e-07,1.7787273348099081e-10,4.850823749970817e-05,0.9999143616545544,5.214197097640766e-05,1.759217481536719e-06,9.5091084586776e-06,2.2227870656237938e-05,1.7787273348099081e-10,7.28907227376477e-08,3.383683517556926e-07,0.04739782396206492,2.550940502019699e-06,0.9494905767970147,4.100294983719009e-07,8.231646486410382e-07,3.2291268803726567e-07,1.4226864146032749e-06,0.00302547292781082,5.209587863839127e-07,1.9500021489511106e-06,2.7464278994012926e-09,3.685639486039604e-05,8.427303525683995e-07,4.879676639617588e-07,1.7099985925137595e-07,1.7787273348099081e-10,2.795373214840678e-07,2.823799340684636e-10,1.1651842639312128e-05,1.7917437604491013e-05,1.759217481536719e-06,7.41354316614754e-07,6.977307730217284e-06,2.636283765312426e-08
